-- DVS Planning · v_10 CORREZIONI ULTIME
-- Inserimento controllato dei turni del Planning di luglio 2026.
-- La vista comprende 29/06/2026–02/08/2026; i riepiloghi restano basati sulle date reali.

begin;

insert into public.shifts (id, room_code, shift_date, production, film, program_title, start_time, end_time, end_is_24, work_type, staff_id, is_client, is_double_station, status, confirmed, confirmed_at, color_key, notes) values ('6f6f0d3d-316e-5a9e-8c2b-6298833a15e3', 'sala-1', '2026-06-29', 'STEMAL ENT.', 'SCARPE ROTTE', 'SCARPE ROTTE', '10:00', '18:00', false, 'EDIT', null, true, false, 'definitivo', false, null, 'violet', null) on conflict (id) do update set room_code=excluded.room_code, shift_date=excluded.shift_date, production=excluded.production, film=excluded.film, program_title=excluded.program_title, start_time=excluded.start_time, end_time=excluded.end_time, end_is_24=excluded.end_is_24, work_type=excluded.work_type, staff_id=excluded.staff_id, is_client=excluded.is_client, is_double_station=excluded.is_double_station, status=excluded.status, confirmed=excluded.confirmed, confirmed_at=excluded.confirmed_at, color_key=excluded.color_key, notes=excluded.notes;
insert into public.shifts (id, room_code, shift_date, production, film, program_title, start_time, end_time, end_is_24, work_type, staff_id, is_client, is_double_station, status, confirmed, confirmed_at, color_key, notes) values ('7214dd3b-bbf9-5531-b675-5fd3f11706b4', 'sala-1', '2026-06-30', 'STEMAL ENT.', 'SCARPE ROTTE', 'SCARPE ROTTE', '10:00', '18:00', false, 'EDIT', null, true, false, 'definitivo', false, null, 'violet', null) on conflict (id) do update set room_code=excluded.room_code, shift_date=excluded.shift_date, production=excluded.production, film=excluded.film, program_title=excluded.program_title, start_time=excluded.start_time, end_time=excluded.end_time, end_is_24=excluded.end_is_24, work_type=excluded.work_type, staff_id=excluded.staff_id, is_client=excluded.is_client, is_double_station=excluded.is_double_station, status=excluded.status, confirmed=excluded.confirmed, confirmed_at=excluded.confirmed_at, color_key=excluded.color_key, notes=excluded.notes;
insert into public.shifts (id, room_code, shift_date, production, film, program_title, start_time, end_time, end_is_24, work_type, staff_id, is_client, is_double_station, status, confirmed, confirmed_at, color_key, notes) values ('a97d3b52-5102-56f8-a833-fe1680a8d9d1', 'sala-1', '2026-07-01', 'STEMAL ENT.', 'SCARPE ROTTE', 'SCARPE ROTTE', '10:00', '18:00', false, 'EDIT', null, true, false, 'definitivo', false, null, 'violet', null) on conflict (id) do update set room_code=excluded.room_code, shift_date=excluded.shift_date, production=excluded.production, film=excluded.film, program_title=excluded.program_title, start_time=excluded.start_time, end_time=excluded.end_time, end_is_24=excluded.end_is_24, work_type=excluded.work_type, staff_id=excluded.staff_id, is_client=excluded.is_client, is_double_station=excluded.is_double_station, status=excluded.status, confirmed=excluded.confirmed, confirmed_at=excluded.confirmed_at, color_key=excluded.color_key, notes=excluded.notes;
insert into public.shifts (id, room_code, shift_date, production, film, program_title, start_time, end_time, end_is_24, work_type, staff_id, is_client, is_double_station, status, confirmed, confirmed_at, color_key, notes) values ('78accee6-d331-5158-bbc6-96fba7cef4b1', 'sala-1', '2026-07-02', 'STEMAL ENT.', 'SCARPE ROTTE', 'SCARPE ROTTE', '10:00', '18:00', false, 'EDIT', null, true, false, 'definitivo', false, null, 'violet', null) on conflict (id) do update set room_code=excluded.room_code, shift_date=excluded.shift_date, production=excluded.production, film=excluded.film, program_title=excluded.program_title, start_time=excluded.start_time, end_time=excluded.end_time, end_is_24=excluded.end_is_24, work_type=excluded.work_type, staff_id=excluded.staff_id, is_client=excluded.is_client, is_double_station=excluded.is_double_station, status=excluded.status, confirmed=excluded.confirmed, confirmed_at=excluded.confirmed_at, color_key=excluded.color_key, notes=excluded.notes;
insert into public.shifts (id, room_code, shift_date, production, film, program_title, start_time, end_time, end_is_24, work_type, staff_id, is_client, is_double_station, status, confirmed, confirmed_at, color_key, notes) values ('3b7e85bf-6a21-5131-ab50-b5b1f77d521a', 'sala-1', '2026-07-03', 'STEMAL ENT.', 'SCARPE ROTTE', 'SCARPE ROTTE', '10:00', '18:00', false, 'EDIT', null, true, false, 'definitivo', false, null, 'violet', null) on conflict (id) do update set room_code=excluded.room_code, shift_date=excluded.shift_date, production=excluded.production, film=excluded.film, program_title=excluded.program_title, start_time=excluded.start_time, end_time=excluded.end_time, end_is_24=excluded.end_is_24, work_type=excluded.work_type, staff_id=excluded.staff_id, is_client=excluded.is_client, is_double_station=excluded.is_double_station, status=excluded.status, confirmed=excluded.confirmed, confirmed_at=excluded.confirmed_at, color_key=excluded.color_key, notes=excluded.notes;
insert into public.shifts (id, room_code, shift_date, production, film, program_title, start_time, end_time, end_is_24, work_type, staff_id, is_client, is_double_station, status, confirmed, confirmed_at, color_key, notes) values ('13bd2b4b-c7a2-5451-ad5b-1d9c1e9ddb58', 'sala-1', '2026-07-06', 'STEMAL ENT.', 'SCARPE ROTTE', 'SCARPE ROTTE', '10:00', '18:00', false, 'EDIT', null, true, false, 'definitivo', false, null, 'violet', null) on conflict (id) do update set room_code=excluded.room_code, shift_date=excluded.shift_date, production=excluded.production, film=excluded.film, program_title=excluded.program_title, start_time=excluded.start_time, end_time=excluded.end_time, end_is_24=excluded.end_is_24, work_type=excluded.work_type, staff_id=excluded.staff_id, is_client=excluded.is_client, is_double_station=excluded.is_double_station, status=excluded.status, confirmed=excluded.confirmed, confirmed_at=excluded.confirmed_at, color_key=excluded.color_key, notes=excluded.notes;
insert into public.shifts (id, room_code, shift_date, production, film, program_title, start_time, end_time, end_is_24, work_type, staff_id, is_client, is_double_station, status, confirmed, confirmed_at, color_key, notes) values ('bc41d3e2-2e39-5223-a7e5-75e2a91d7b42', 'sala-1', '2026-07-07', 'STEMAL ENT.', 'SCARPE ROTTE', 'SCARPE ROTTE', '10:00', '18:00', false, 'EDIT', null, true, false, 'definitivo', false, null, 'violet', null) on conflict (id) do update set room_code=excluded.room_code, shift_date=excluded.shift_date, production=excluded.production, film=excluded.film, program_title=excluded.program_title, start_time=excluded.start_time, end_time=excluded.end_time, end_is_24=excluded.end_is_24, work_type=excluded.work_type, staff_id=excluded.staff_id, is_client=excluded.is_client, is_double_station=excluded.is_double_station, status=excluded.status, confirmed=excluded.confirmed, confirmed_at=excluded.confirmed_at, color_key=excluded.color_key, notes=excluded.notes;
insert into public.shifts (id, room_code, shift_date, production, film, program_title, start_time, end_time, end_is_24, work_type, staff_id, is_client, is_double_station, status, confirmed, confirmed_at, color_key, notes) values ('410ca3fb-0fbf-5534-bed9-bbc0d94b53e9', 'sala-1', '2026-07-08', 'STEMAL ENT.', 'SCARPE ROTTE', 'SCARPE ROTTE', '10:00', '18:00', false, 'EDIT', null, true, false, 'definitivo', false, null, 'violet', null) on conflict (id) do update set room_code=excluded.room_code, shift_date=excluded.shift_date, production=excluded.production, film=excluded.film, program_title=excluded.program_title, start_time=excluded.start_time, end_time=excluded.end_time, end_is_24=excluded.end_is_24, work_type=excluded.work_type, staff_id=excluded.staff_id, is_client=excluded.is_client, is_double_station=excluded.is_double_station, status=excluded.status, confirmed=excluded.confirmed, confirmed_at=excluded.confirmed_at, color_key=excluded.color_key, notes=excluded.notes;
insert into public.shifts (id, room_code, shift_date, production, film, program_title, start_time, end_time, end_is_24, work_type, staff_id, is_client, is_double_station, status, confirmed, confirmed_at, color_key, notes) values ('bac43296-81eb-5cb0-87e5-333c561c1975', 'sala-1', '2026-07-09', 'STEMAL ENT.', 'SCARPE ROTTE', 'SCARPE ROTTE', '10:00', '18:00', false, 'EDIT', null, true, false, 'definitivo', false, null, 'violet', null) on conflict (id) do update set room_code=excluded.room_code, shift_date=excluded.shift_date, production=excluded.production, film=excluded.film, program_title=excluded.program_title, start_time=excluded.start_time, end_time=excluded.end_time, end_is_24=excluded.end_is_24, work_type=excluded.work_type, staff_id=excluded.staff_id, is_client=excluded.is_client, is_double_station=excluded.is_double_station, status=excluded.status, confirmed=excluded.confirmed, confirmed_at=excluded.confirmed_at, color_key=excluded.color_key, notes=excluded.notes;
insert into public.shifts (id, room_code, shift_date, production, film, program_title, start_time, end_time, end_is_24, work_type, staff_id, is_client, is_double_station, status, confirmed, confirmed_at, color_key, notes) values ('0837b89f-c8de-5594-be51-64e354038ec1', 'sala-1', '2026-07-10', 'STEMAL ENT.', 'SCARPE ROTTE', 'SCARPE ROTTE', '10:00', '18:00', false, 'EDIT', null, true, false, 'definitivo', false, null, 'violet', null) on conflict (id) do update set room_code=excluded.room_code, shift_date=excluded.shift_date, production=excluded.production, film=excluded.film, program_title=excluded.program_title, start_time=excluded.start_time, end_time=excluded.end_time, end_is_24=excluded.end_is_24, work_type=excluded.work_type, staff_id=excluded.staff_id, is_client=excluded.is_client, is_double_station=excluded.is_double_station, status=excluded.status, confirmed=excluded.confirmed, confirmed_at=excluded.confirmed_at, color_key=excluded.color_key, notes=excluded.notes;
insert into public.shifts (id, room_code, shift_date, production, film, program_title, start_time, end_time, end_is_24, work_type, staff_id, is_client, is_double_station, status, confirmed, confirmed_at, color_key, notes) values ('45b05fc9-9027-582a-a46a-4f710b74eaac', 'sala-2', '2026-06-29', 'RAI', 'LINEA VERDE', 'LINEA VERDE', '10:00', '18:00', false, 'EDIT', (select id from public.staff where upper(last_name)='NELLI' and upper(left(first_name,1))='F' order by id limit 1), false, false, 'definitivo', true, now(), 'amber', null) on conflict (id) do update set room_code=excluded.room_code, shift_date=excluded.shift_date, production=excluded.production, film=excluded.film, program_title=excluded.program_title, start_time=excluded.start_time, end_time=excluded.end_time, end_is_24=excluded.end_is_24, work_type=excluded.work_type, staff_id=excluded.staff_id, is_client=excluded.is_client, is_double_station=excluded.is_double_station, status=excluded.status, confirmed=excluded.confirmed, confirmed_at=excluded.confirmed_at, color_key=excluded.color_key, notes=excluded.notes;
insert into public.shifts (id, room_code, shift_date, production, film, program_title, start_time, end_time, end_is_24, work_type, staff_id, is_client, is_double_station, status, confirmed, confirmed_at, color_key, notes) values ('0cd672b4-db5c-5e5f-bfb4-7bf3e1a98601', 'sala-2', '2026-06-30', 'RAI', 'LINEA VERDE', 'LINEA VERDE', '10:00', '18:00', false, 'EDIT', (select id from public.staff where upper(last_name)='NELLI' and upper(left(first_name,1))='F' order by id limit 1), false, false, 'definitivo', true, now(), 'amber', null) on conflict (id) do update set room_code=excluded.room_code, shift_date=excluded.shift_date, production=excluded.production, film=excluded.film, program_title=excluded.program_title, start_time=excluded.start_time, end_time=excluded.end_time, end_is_24=excluded.end_is_24, work_type=excluded.work_type, staff_id=excluded.staff_id, is_client=excluded.is_client, is_double_station=excluded.is_double_station, status=excluded.status, confirmed=excluded.confirmed, confirmed_at=excluded.confirmed_at, color_key=excluded.color_key, notes=excluded.notes;
insert into public.shifts (id, room_code, shift_date, production, film, program_title, start_time, end_time, end_is_24, work_type, staff_id, is_client, is_double_station, status, confirmed, confirmed_at, color_key, notes) values ('fef70773-bff0-5bdb-80f0-d92c2774bb93', 'sala-5', '2026-07-02', 'RAI', 'CINEMA E LUCE', 'CINEMA E LUCE', '10:00', '18:00', false, 'GRAFICA', (select id from public.staff where upper(last_name)='CANNELLA' and upper(left(first_name,1))='M' order by id limit 1), false, false, 'definitivo', false, null, 'pink', null) on conflict (id) do update set room_code=excluded.room_code, shift_date=excluded.shift_date, production=excluded.production, film=excluded.film, program_title=excluded.program_title, start_time=excluded.start_time, end_time=excluded.end_time, end_is_24=excluded.end_is_24, work_type=excluded.work_type, staff_id=excluded.staff_id, is_client=excluded.is_client, is_double_station=excluded.is_double_station, status=excluded.status, confirmed=excluded.confirmed, confirmed_at=excluded.confirmed_at, color_key=excluded.color_key, notes=excluded.notes;
insert into public.shifts (id, room_code, shift_date, production, film, program_title, start_time, end_time, end_is_24, work_type, staff_id, is_client, is_double_station, status, confirmed, confirmed_at, color_key, notes) values ('7e2ce23b-3ffa-523d-9e6f-41058396804e', 'sala-5', '2026-07-03', 'RAI', 'CINEMA E LUCE', 'CINEMA E LUCE', '10:00', '18:00', false, 'GRAFICA', (select id from public.staff where upper(last_name)='CANNELLA' and upper(left(first_name,1))='M' order by id limit 1), false, false, 'definitivo', false, null, 'pink', null) on conflict (id) do update set room_code=excluded.room_code, shift_date=excluded.shift_date, production=excluded.production, film=excluded.film, program_title=excluded.program_title, start_time=excluded.start_time, end_time=excluded.end_time, end_is_24=excluded.end_is_24, work_type=excluded.work_type, staff_id=excluded.staff_id, is_client=excluded.is_client, is_double_station=excluded.is_double_station, status=excluded.status, confirmed=excluded.confirmed, confirmed_at=excluded.confirmed_at, color_key=excluded.color_key, notes=excluded.notes;
insert into public.shifts (id, room_code, shift_date, production, film, program_title, start_time, end_time, end_is_24, work_type, staff_id, is_client, is_double_station, status, confirmed, confirmed_at, color_key, notes) values ('240d8d1a-ac43-5e31-a0b5-e17a465554d8', 'sala-5', '2026-07-09', 'RAI', 'CINEMA E LUCE', 'CINEMA E LUCE', '10:00', '18:00', false, 'GRAFICA', (select id from public.staff where upper(last_name)='CANNELLA' and upper(left(first_name,1))='M' order by id limit 1), false, false, 'definitivo', false, null, 'pink', null) on conflict (id) do update set room_code=excluded.room_code, shift_date=excluded.shift_date, production=excluded.production, film=excluded.film, program_title=excluded.program_title, start_time=excluded.start_time, end_time=excluded.end_time, end_is_24=excluded.end_is_24, work_type=excluded.work_type, staff_id=excluded.staff_id, is_client=excluded.is_client, is_double_station=excluded.is_double_station, status=excluded.status, confirmed=excluded.confirmed, confirmed_at=excluded.confirmed_at, color_key=excluded.color_key, notes=excluded.notes;
insert into public.shifts (id, room_code, shift_date, production, film, program_title, start_time, end_time, end_is_24, work_type, staff_id, is_client, is_double_station, status, confirmed, confirmed_at, color_key, notes) values ('193554c0-ce94-5715-9a66-7c8abc9cd153', 'sala-5', '2026-07-10', 'RAI', 'CINEMA E LUCE', 'CINEMA E LUCE', '10:00', '18:00', false, 'GRAFICA', (select id from public.staff where upper(last_name)='CANNELLA' and upper(left(first_name,1))='M' order by id limit 1), false, false, 'definitivo', false, null, 'pink', null) on conflict (id) do update set room_code=excluded.room_code, shift_date=excluded.shift_date, production=excluded.production, film=excluded.film, program_title=excluded.program_title, start_time=excluded.start_time, end_time=excluded.end_time, end_is_24=excluded.end_is_24, work_type=excluded.work_type, staff_id=excluded.staff_id, is_client=excluded.is_client, is_double_station=excluded.is_double_station, status=excluded.status, confirmed=excluded.confirmed, confirmed_at=excluded.confirmed_at, color_key=excluded.color_key, notes=excluded.notes;
insert into public.shifts (id, room_code, shift_date, production, film, program_title, start_time, end_time, end_is_24, work_type, staff_id, is_client, is_double_station, status, confirmed, confirmed_at, color_key, notes) values ('b46efff5-ec74-544b-875b-60995475991e', 'sala-5', '2026-07-14', 'EOLO FILM PROD.', '', '', '10:00', '18:00', false, 'EDIT', null, true, false, 'definitivo', false, null, 'amber', null) on conflict (id) do update set room_code=excluded.room_code, shift_date=excluded.shift_date, production=excluded.production, film=excluded.film, program_title=excluded.program_title, start_time=excluded.start_time, end_time=excluded.end_time, end_is_24=excluded.end_is_24, work_type=excluded.work_type, staff_id=excluded.staff_id, is_client=excluded.is_client, is_double_station=excluded.is_double_station, status=excluded.status, confirmed=excluded.confirmed, confirmed_at=excluded.confirmed_at, color_key=excluded.color_key, notes=excluded.notes;
insert into public.shifts (id, room_code, shift_date, production, film, program_title, start_time, end_time, end_is_24, work_type, staff_id, is_client, is_double_station, status, confirmed, confirmed_at, color_key, notes) values ('62cac0ae-c7a9-5254-babb-30611f13c84a', 'sala-6', '2026-06-29', 'RAI', 'CINEMA E LUCE', 'CINEMA E LUCE', '10:00', '18:00', false, 'EDIT', (select id from public.staff where upper(last_name)='MARINOTTI' and upper(left(first_name,1))='M' order by id limit 1), false, false, 'definitivo', true, now(), 'pink', null) on conflict (id) do update set room_code=excluded.room_code, shift_date=excluded.shift_date, production=excluded.production, film=excluded.film, program_title=excluded.program_title, start_time=excluded.start_time, end_time=excluded.end_time, end_is_24=excluded.end_is_24, work_type=excluded.work_type, staff_id=excluded.staff_id, is_client=excluded.is_client, is_double_station=excluded.is_double_station, status=excluded.status, confirmed=excluded.confirmed, confirmed_at=excluded.confirmed_at, color_key=excluded.color_key, notes=excluded.notes;
insert into public.shifts (id, room_code, shift_date, production, film, program_title, start_time, end_time, end_is_24, work_type, staff_id, is_client, is_double_station, status, confirmed, confirmed_at, color_key, notes) values ('3c1b98e8-3468-5d96-af40-136184f7aa27', 'sala-6', '2026-06-30', 'RAI', 'CINEMA E LUCE', 'CINEMA E LUCE', '10:00', '18:00', false, 'EDIT', (select id from public.staff where upper(last_name)='D''AGOSTINO' and upper(left(first_name,1))='M' order by id limit 1), false, false, 'definitivo', true, now(), 'pink', null) on conflict (id) do update set room_code=excluded.room_code, shift_date=excluded.shift_date, production=excluded.production, film=excluded.film, program_title=excluded.program_title, start_time=excluded.start_time, end_time=excluded.end_time, end_is_24=excluded.end_is_24, work_type=excluded.work_type, staff_id=excluded.staff_id, is_client=excluded.is_client, is_double_station=excluded.is_double_station, status=excluded.status, confirmed=excluded.confirmed, confirmed_at=excluded.confirmed_at, color_key=excluded.color_key, notes=excluded.notes;
insert into public.shifts (id, room_code, shift_date, production, film, program_title, start_time, end_time, end_is_24, work_type, staff_id, is_client, is_double_station, status, confirmed, confirmed_at, color_key, notes) values ('0a78791d-abe6-5ad6-a85d-4d2f3d632768', 'sala-6', '2026-07-01', 'RAI', 'CINEMA E LUCE', 'CINEMA E LUCE', '10:00', '18:00', false, 'EDIT', (select id from public.staff where upper(last_name)='D''AGOSTINO' and upper(left(first_name,1))='M' order by id limit 1), false, false, 'definitivo', false, null, 'pink', null) on conflict (id) do update set room_code=excluded.room_code, shift_date=excluded.shift_date, production=excluded.production, film=excluded.film, program_title=excluded.program_title, start_time=excluded.start_time, end_time=excluded.end_time, end_is_24=excluded.end_is_24, work_type=excluded.work_type, staff_id=excluded.staff_id, is_client=excluded.is_client, is_double_station=excluded.is_double_station, status=excluded.status, confirmed=excluded.confirmed, confirmed_at=excluded.confirmed_at, color_key=excluded.color_key, notes=excluded.notes;
insert into public.shifts (id, room_code, shift_date, production, film, program_title, start_time, end_time, end_is_24, work_type, staff_id, is_client, is_double_station, status, confirmed, confirmed_at, color_key, notes) values ('bb9b5576-f3f8-56c8-b9e0-79c5755a948b', 'sala-6', '2026-07-02', 'RAI', 'CINEMA E LUCE', 'CINEMA E LUCE', '10:00', '18:00', false, 'EDIT', (select id from public.staff where upper(last_name)='D''AGOSTINO' and upper(left(first_name,1))='M' order by id limit 1), false, false, 'definitivo', false, null, 'pink', null) on conflict (id) do update set room_code=excluded.room_code, shift_date=excluded.shift_date, production=excluded.production, film=excluded.film, program_title=excluded.program_title, start_time=excluded.start_time, end_time=excluded.end_time, end_is_24=excluded.end_is_24, work_type=excluded.work_type, staff_id=excluded.staff_id, is_client=excluded.is_client, is_double_station=excluded.is_double_station, status=excluded.status, confirmed=excluded.confirmed, confirmed_at=excluded.confirmed_at, color_key=excluded.color_key, notes=excluded.notes;
insert into public.shifts (id, room_code, shift_date, production, film, program_title, start_time, end_time, end_is_24, work_type, staff_id, is_client, is_double_station, status, confirmed, confirmed_at, color_key, notes) values ('db502d37-f037-5429-96c0-df5575cc0c68', 'sala-6', '2026-07-03', 'RAI', 'CINEMA E LUCE', 'CINEMA E LUCE', '10:00', '18:00', false, 'EDIT', (select id from public.staff where upper(last_name)='D''AGOSTINO' and upper(left(first_name,1))='M' order by id limit 1), false, false, 'definitivo', false, null, 'pink', null) on conflict (id) do update set room_code=excluded.room_code, shift_date=excluded.shift_date, production=excluded.production, film=excluded.film, program_title=excluded.program_title, start_time=excluded.start_time, end_time=excluded.end_time, end_is_24=excluded.end_is_24, work_type=excluded.work_type, staff_id=excluded.staff_id, is_client=excluded.is_client, is_double_station=excluded.is_double_station, status=excluded.status, confirmed=excluded.confirmed, confirmed_at=excluded.confirmed_at, color_key=excluded.color_key, notes=excluded.notes;
insert into public.shifts (id, room_code, shift_date, production, film, program_title, start_time, end_time, end_is_24, work_type, staff_id, is_client, is_double_station, status, confirmed, confirmed_at, color_key, notes) values ('0f04d142-81bd-5a87-804f-84eda136694e', 'sala-6', '2026-07-06', 'RAI', 'CINEMA E LUCE', 'CINEMA E LUCE', '10:00', '18:00', false, 'EDIT', (select id from public.staff where upper(last_name)='D''AGOSTINO' and upper(left(first_name,1))='M' order by id limit 1), false, false, 'definitivo', false, null, 'pink', null) on conflict (id) do update set room_code=excluded.room_code, shift_date=excluded.shift_date, production=excluded.production, film=excluded.film, program_title=excluded.program_title, start_time=excluded.start_time, end_time=excluded.end_time, end_is_24=excluded.end_is_24, work_type=excluded.work_type, staff_id=excluded.staff_id, is_client=excluded.is_client, is_double_station=excluded.is_double_station, status=excluded.status, confirmed=excluded.confirmed, confirmed_at=excluded.confirmed_at, color_key=excluded.color_key, notes=excluded.notes;
insert into public.shifts (id, room_code, shift_date, production, film, program_title, start_time, end_time, end_is_24, work_type, staff_id, is_client, is_double_station, status, confirmed, confirmed_at, color_key, notes) values ('919c26ab-f6a9-5c7a-9923-6c712856db9e', 'sala-6', '2026-07-07', 'RAI', 'CINEMA E LUCE', 'CINEMA E LUCE', '10:00', '18:00', false, 'EDIT', (select id from public.staff where upper(last_name)='D''AGOSTINO' and upper(left(first_name,1))='M' order by id limit 1), false, false, 'definitivo', false, null, 'pink', null) on conflict (id) do update set room_code=excluded.room_code, shift_date=excluded.shift_date, production=excluded.production, film=excluded.film, program_title=excluded.program_title, start_time=excluded.start_time, end_time=excluded.end_time, end_is_24=excluded.end_is_24, work_type=excluded.work_type, staff_id=excluded.staff_id, is_client=excluded.is_client, is_double_station=excluded.is_double_station, status=excluded.status, confirmed=excluded.confirmed, confirmed_at=excluded.confirmed_at, color_key=excluded.color_key, notes=excluded.notes;
insert into public.shifts (id, room_code, shift_date, production, film, program_title, start_time, end_time, end_is_24, work_type, staff_id, is_client, is_double_station, status, confirmed, confirmed_at, color_key, notes) values ('57ff7729-1334-539a-96b7-9bcd39c38b55', 'sala-6', '2026-07-08', 'RAI', 'CINEMA E LUCE', 'CINEMA E LUCE', '10:00', '18:00', false, 'EDIT', (select id from public.staff where upper(last_name)='D''AGOSTINO' and upper(left(first_name,1))='M' order by id limit 1), false, false, 'definitivo', false, null, 'pink', null) on conflict (id) do update set room_code=excluded.room_code, shift_date=excluded.shift_date, production=excluded.production, film=excluded.film, program_title=excluded.program_title, start_time=excluded.start_time, end_time=excluded.end_time, end_is_24=excluded.end_is_24, work_type=excluded.work_type, staff_id=excluded.staff_id, is_client=excluded.is_client, is_double_station=excluded.is_double_station, status=excluded.status, confirmed=excluded.confirmed, confirmed_at=excluded.confirmed_at, color_key=excluded.color_key, notes=excluded.notes;
insert into public.shifts (id, room_code, shift_date, production, film, program_title, start_time, end_time, end_is_24, work_type, staff_id, is_client, is_double_station, status, confirmed, confirmed_at, color_key, notes) values ('721f0979-38e5-55d7-aba7-af7442b9970d', 'sala-6', '2026-07-09', 'RAI', 'CINEMA E LUCE', 'CINEMA E LUCE', '10:00', '18:00', false, 'EDIT', (select id from public.staff where upper(last_name)='D''AGOSTINO' and upper(left(first_name,1))='M' order by id limit 1), false, false, 'definitivo', false, null, 'pink', null) on conflict (id) do update set room_code=excluded.room_code, shift_date=excluded.shift_date, production=excluded.production, film=excluded.film, program_title=excluded.program_title, start_time=excluded.start_time, end_time=excluded.end_time, end_is_24=excluded.end_is_24, work_type=excluded.work_type, staff_id=excluded.staff_id, is_client=excluded.is_client, is_double_station=excluded.is_double_station, status=excluded.status, confirmed=excluded.confirmed, confirmed_at=excluded.confirmed_at, color_key=excluded.color_key, notes=excluded.notes;
insert into public.shifts (id, room_code, shift_date, production, film, program_title, start_time, end_time, end_is_24, work_type, staff_id, is_client, is_double_station, status, confirmed, confirmed_at, color_key, notes) values ('9eac3282-2a76-5fbe-bd6e-19c90821f90b', 'sala-6', '2026-07-10', 'RAI', 'CINEMA E LUCE', 'CINEMA E LUCE', '10:00', '18:00', false, 'EDIT', (select id from public.staff where upper(last_name)='D''AGOSTINO' and upper(left(first_name,1))='M' order by id limit 1), false, false, 'definitivo', false, null, 'pink', null) on conflict (id) do update set room_code=excluded.room_code, shift_date=excluded.shift_date, production=excluded.production, film=excluded.film, program_title=excluded.program_title, start_time=excluded.start_time, end_time=excluded.end_time, end_is_24=excluded.end_is_24, work_type=excluded.work_type, staff_id=excluded.staff_id, is_client=excluded.is_client, is_double_station=excluded.is_double_station, status=excluded.status, confirmed=excluded.confirmed, confirmed_at=excluded.confirmed_at, color_key=excluded.color_key, notes=excluded.notes;
insert into public.shifts (id, room_code, shift_date, production, film, program_title, start_time, end_time, end_is_24, work_type, staff_id, is_client, is_double_station, status, confirmed, confirmed_at, color_key, notes) values ('71836113-08d9-54a1-8711-0eeb217efb40', 'sala-6', '2026-07-21', 'RAI', 'MISSA PRO PACE', 'MISSA PRO PACE', '10:00', '18:00', false, 'EDIT', (select id from public.staff where upper(last_name)='D''AGOSTINO' and upper(left(first_name,1))='M' order by id limit 1), false, false, 'definitivo', false, null, 'cyan', null) on conflict (id) do update set room_code=excluded.room_code, shift_date=excluded.shift_date, production=excluded.production, film=excluded.film, program_title=excluded.program_title, start_time=excluded.start_time, end_time=excluded.end_time, end_is_24=excluded.end_is_24, work_type=excluded.work_type, staff_id=excluded.staff_id, is_client=excluded.is_client, is_double_station=excluded.is_double_station, status=excluded.status, confirmed=excluded.confirmed, confirmed_at=excluded.confirmed_at, color_key=excluded.color_key, notes=excluded.notes;
insert into public.shifts (id, room_code, shift_date, production, film, program_title, start_time, end_time, end_is_24, work_type, staff_id, is_client, is_double_station, status, confirmed, confirmed_at, color_key, notes) values ('6f38c6a7-a32f-5f8d-90d2-3bf7437637e3', 'sala-6', '2026-07-22', 'RAI', 'MISSA PRO PACE', 'MISSA PRO PACE', '10:00', '18:00', false, 'EDIT', (select id from public.staff where upper(last_name)='D''AGOSTINO' and upper(left(first_name,1))='M' order by id limit 1), false, false, 'definitivo', false, null, 'cyan', null) on conflict (id) do update set room_code=excluded.room_code, shift_date=excluded.shift_date, production=excluded.production, film=excluded.film, program_title=excluded.program_title, start_time=excluded.start_time, end_time=excluded.end_time, end_is_24=excluded.end_is_24, work_type=excluded.work_type, staff_id=excluded.staff_id, is_client=excluded.is_client, is_double_station=excluded.is_double_station, status=excluded.status, confirmed=excluded.confirmed, confirmed_at=excluded.confirmed_at, color_key=excluded.color_key, notes=excluded.notes;
insert into public.shifts (id, room_code, shift_date, production, film, program_title, start_time, end_time, end_is_24, work_type, staff_id, is_client, is_double_station, status, confirmed, confirmed_at, color_key, notes) values ('1ad603ee-6ffa-53e6-8e34-db8d21e30712', 'sala-10', '2026-07-14', 'RAI', 'LINEA VERDE', 'LINEA VERDE', '10:00', '18:00', false, 'EDIT', (select id from public.staff where upper(last_name)='D''AGOSTINO' and upper(left(first_name,1))='M' order by id limit 1), false, false, 'definitivo', false, null, 'amber', null) on conflict (id) do update set room_code=excluded.room_code, shift_date=excluded.shift_date, production=excluded.production, film=excluded.film, program_title=excluded.program_title, start_time=excluded.start_time, end_time=excluded.end_time, end_is_24=excluded.end_is_24, work_type=excluded.work_type, staff_id=excluded.staff_id, is_client=excluded.is_client, is_double_station=excluded.is_double_station, status=excluded.status, confirmed=excluded.confirmed, confirmed_at=excluded.confirmed_at, color_key=excluded.color_key, notes=excluded.notes;
insert into public.shifts (id, room_code, shift_date, production, film, program_title, start_time, end_time, end_is_24, work_type, staff_id, is_client, is_double_station, status, confirmed, confirmed_at, color_key, notes) values ('56cb64cb-f56d-5aa3-b0da-8924dd6d8755', 'sala-11', '2026-06-29', '7 VERTICALE', 'MONDO MERAVIGLIOSO', 'MONDO MERAVIGLIOSO', '10:00', '18:00', false, 'EDIT', null, true, false, 'definitivo', false, null, 'blue', null) on conflict (id) do update set room_code=excluded.room_code, shift_date=excluded.shift_date, production=excluded.production, film=excluded.film, program_title=excluded.program_title, start_time=excluded.start_time, end_time=excluded.end_time, end_is_24=excluded.end_is_24, work_type=excluded.work_type, staff_id=excluded.staff_id, is_client=excluded.is_client, is_double_station=excluded.is_double_station, status=excluded.status, confirmed=excluded.confirmed, confirmed_at=excluded.confirmed_at, color_key=excluded.color_key, notes=excluded.notes;
insert into public.shifts (id, room_code, shift_date, production, film, program_title, start_time, end_time, end_is_24, work_type, staff_id, is_client, is_double_station, status, confirmed, confirmed_at, color_key, notes) values ('6ef5ca7e-9ae8-560c-9e21-256dc7a8acab', 'sala-11', '2026-06-30', '7 VERTICALE', 'MONDO MERAVIGLIOSO', 'MONDO MERAVIGLIOSO', '10:00', '18:00', false, 'EDIT', null, true, false, 'definitivo', false, null, 'blue', null) on conflict (id) do update set room_code=excluded.room_code, shift_date=excluded.shift_date, production=excluded.production, film=excluded.film, program_title=excluded.program_title, start_time=excluded.start_time, end_time=excluded.end_time, end_is_24=excluded.end_is_24, work_type=excluded.work_type, staff_id=excluded.staff_id, is_client=excluded.is_client, is_double_station=excluded.is_double_station, status=excluded.status, confirmed=excluded.confirmed, confirmed_at=excluded.confirmed_at, color_key=excluded.color_key, notes=excluded.notes;
insert into public.shifts (id, room_code, shift_date, production, film, program_title, start_time, end_time, end_is_24, work_type, staff_id, is_client, is_double_station, status, confirmed, confirmed_at, color_key, notes) values ('c72f636b-5d1e-5ae8-9b80-14bacec62388', 'sala-11', '2026-07-01', '7 VERTICALE', 'MONDO MERAVIGLIOSO', 'MONDO MERAVIGLIOSO', '10:00', '18:00', false, 'EDIT', null, true, false, 'definitivo', false, null, 'blue', null) on conflict (id) do update set room_code=excluded.room_code, shift_date=excluded.shift_date, production=excluded.production, film=excluded.film, program_title=excluded.program_title, start_time=excluded.start_time, end_time=excluded.end_time, end_is_24=excluded.end_is_24, work_type=excluded.work_type, staff_id=excluded.staff_id, is_client=excluded.is_client, is_double_station=excluded.is_double_station, status=excluded.status, confirmed=excluded.confirmed, confirmed_at=excluded.confirmed_at, color_key=excluded.color_key, notes=excluded.notes;
insert into public.shifts (id, room_code, shift_date, production, film, program_title, start_time, end_time, end_is_24, work_type, staff_id, is_client, is_double_station, status, confirmed, confirmed_at, color_key, notes) values ('c5cb71fb-8712-56c4-8d22-2fbb8d3580de', 'sala-11', '2026-07-02', '7 VERTICALE', 'MONDO MERAVIGLIOSO', 'MONDO MERAVIGLIOSO', '10:00', '18:00', false, 'EDIT', null, true, false, 'definitivo', false, null, 'blue', null) on conflict (id) do update set room_code=excluded.room_code, shift_date=excluded.shift_date, production=excluded.production, film=excluded.film, program_title=excluded.program_title, start_time=excluded.start_time, end_time=excluded.end_time, end_is_24=excluded.end_is_24, work_type=excluded.work_type, staff_id=excluded.staff_id, is_client=excluded.is_client, is_double_station=excluded.is_double_station, status=excluded.status, confirmed=excluded.confirmed, confirmed_at=excluded.confirmed_at, color_key=excluded.color_key, notes=excluded.notes;
insert into public.shifts (id, room_code, shift_date, production, film, program_title, start_time, end_time, end_is_24, work_type, staff_id, is_client, is_double_station, status, confirmed, confirmed_at, color_key, notes) values ('9ec47388-b896-50df-b91e-89f013fa35d9', 'sala-11', '2026-07-03', '7 VERTICALE', 'MONDO MERAVIGLIOSO', 'MONDO MERAVIGLIOSO', '10:00', '18:00', false, 'EDIT', null, true, false, 'definitivo', false, null, 'blue', null) on conflict (id) do update set room_code=excluded.room_code, shift_date=excluded.shift_date, production=excluded.production, film=excluded.film, program_title=excluded.program_title, start_time=excluded.start_time, end_time=excluded.end_time, end_is_24=excluded.end_is_24, work_type=excluded.work_type, staff_id=excluded.staff_id, is_client=excluded.is_client, is_double_station=excluded.is_double_station, status=excluded.status, confirmed=excluded.confirmed, confirmed_at=excluded.confirmed_at, color_key=excluded.color_key, notes=excluded.notes;
insert into public.shifts (id, room_code, shift_date, production, film, program_title, start_time, end_time, end_is_24, work_type, staff_id, is_client, is_double_station, status, confirmed, confirmed_at, color_key, notes) values ('c725fb7b-10c9-5ba9-97eb-44fd7955cdda', 'sala-11', '2026-07-06', '7 VERTICALE', 'MONDO MERAVIGLIOSO', 'MONDO MERAVIGLIOSO', '10:00', '18:00', false, 'EDIT', null, true, false, 'definitivo', false, null, 'blue', null) on conflict (id) do update set room_code=excluded.room_code, shift_date=excluded.shift_date, production=excluded.production, film=excluded.film, program_title=excluded.program_title, start_time=excluded.start_time, end_time=excluded.end_time, end_is_24=excluded.end_is_24, work_type=excluded.work_type, staff_id=excluded.staff_id, is_client=excluded.is_client, is_double_station=excluded.is_double_station, status=excluded.status, confirmed=excluded.confirmed, confirmed_at=excluded.confirmed_at, color_key=excluded.color_key, notes=excluded.notes;
insert into public.shifts (id, room_code, shift_date, production, film, program_title, start_time, end_time, end_is_24, work_type, staff_id, is_client, is_double_station, status, confirmed, confirmed_at, color_key, notes) values ('ff07193e-b201-52f4-9c8d-1a1f4b84563b', 'sala-11', '2026-07-07', '7 VERTICALE', 'MONDO MERAVIGLIOSO', 'MONDO MERAVIGLIOSO', '10:00', '18:00', false, 'EDIT', null, true, false, 'definitivo', false, null, 'blue', null) on conflict (id) do update set room_code=excluded.room_code, shift_date=excluded.shift_date, production=excluded.production, film=excluded.film, program_title=excluded.program_title, start_time=excluded.start_time, end_time=excluded.end_time, end_is_24=excluded.end_is_24, work_type=excluded.work_type, staff_id=excluded.staff_id, is_client=excluded.is_client, is_double_station=excluded.is_double_station, status=excluded.status, confirmed=excluded.confirmed, confirmed_at=excluded.confirmed_at, color_key=excluded.color_key, notes=excluded.notes;
insert into public.shifts (id, room_code, shift_date, production, film, program_title, start_time, end_time, end_is_24, work_type, staff_id, is_client, is_double_station, status, confirmed, confirmed_at, color_key, notes) values ('acf11811-3975-5be0-9174-9c5467a7e7eb', 'sala-11', '2026-07-08', '7 VERTICALE', 'MONDO MERAVIGLIOSO', 'MONDO MERAVIGLIOSO', '10:00', '18:00', false, 'EDIT', null, true, false, 'definitivo', false, null, 'blue', null) on conflict (id) do update set room_code=excluded.room_code, shift_date=excluded.shift_date, production=excluded.production, film=excluded.film, program_title=excluded.program_title, start_time=excluded.start_time, end_time=excluded.end_time, end_is_24=excluded.end_is_24, work_type=excluded.work_type, staff_id=excluded.staff_id, is_client=excluded.is_client, is_double_station=excluded.is_double_station, status=excluded.status, confirmed=excluded.confirmed, confirmed_at=excluded.confirmed_at, color_key=excluded.color_key, notes=excluded.notes;
insert into public.shifts (id, room_code, shift_date, production, film, program_title, start_time, end_time, end_is_24, work_type, staff_id, is_client, is_double_station, status, confirmed, confirmed_at, color_key, notes) values ('2e04c170-cb7f-565a-ad34-c40082400edb', 'sala-11', '2026-07-09', '7 VERTICALE', 'MONDO MERAVIGLIOSO', 'MONDO MERAVIGLIOSO', '10:00', '18:00', false, 'EDIT', null, true, false, 'definitivo', false, null, 'blue', null) on conflict (id) do update set room_code=excluded.room_code, shift_date=excluded.shift_date, production=excluded.production, film=excluded.film, program_title=excluded.program_title, start_time=excluded.start_time, end_time=excluded.end_time, end_is_24=excluded.end_is_24, work_type=excluded.work_type, staff_id=excluded.staff_id, is_client=excluded.is_client, is_double_station=excluded.is_double_station, status=excluded.status, confirmed=excluded.confirmed, confirmed_at=excluded.confirmed_at, color_key=excluded.color_key, notes=excluded.notes;
insert into public.shifts (id, room_code, shift_date, production, film, program_title, start_time, end_time, end_is_24, work_type, staff_id, is_client, is_double_station, status, confirmed, confirmed_at, color_key, notes) values ('b7cc4443-5279-5107-a201-478b81053a54', 'sala-11', '2026-07-10', '7 VERTICALE', 'MONDO MERAVIGLIOSO', 'MONDO MERAVIGLIOSO', '10:00', '18:00', false, 'EDIT', null, true, false, 'definitivo', false, null, 'blue', null) on conflict (id) do update set room_code=excluded.room_code, shift_date=excluded.shift_date, production=excluded.production, film=excluded.film, program_title=excluded.program_title, start_time=excluded.start_time, end_time=excluded.end_time, end_is_24=excluded.end_is_24, work_type=excluded.work_type, staff_id=excluded.staff_id, is_client=excluded.is_client, is_double_station=excluded.is_double_station, status=excluded.status, confirmed=excluded.confirmed, confirmed_at=excluded.confirmed_at, color_key=excluded.color_key, notes=excluded.notes;
insert into public.shifts (id, room_code, shift_date, production, film, program_title, start_time, end_time, end_is_24, work_type, staff_id, is_client, is_double_station, status, confirmed, confirmed_at, color_key, notes) values ('fe56ada1-dd3b-5393-95ef-23b5b5bb9444', 'sala-11', '2026-07-13', '7 VERTICALE', 'MONDO MERAVIGLIOSO', 'MONDO MERAVIGLIOSO', '10:00', '18:00', false, 'EDIT', null, true, false, 'definitivo', false, null, 'blue', null) on conflict (id) do update set room_code=excluded.room_code, shift_date=excluded.shift_date, production=excluded.production, film=excluded.film, program_title=excluded.program_title, start_time=excluded.start_time, end_time=excluded.end_time, end_is_24=excluded.end_is_24, work_type=excluded.work_type, staff_id=excluded.staff_id, is_client=excluded.is_client, is_double_station=excluded.is_double_station, status=excluded.status, confirmed=excluded.confirmed, confirmed_at=excluded.confirmed_at, color_key=excluded.color_key, notes=excluded.notes;
insert into public.shifts (id, room_code, shift_date, production, film, program_title, start_time, end_time, end_is_24, work_type, staff_id, is_client, is_double_station, status, confirmed, confirmed_at, color_key, notes) values ('950c2c0d-bfa4-59b6-b9a3-bbc12c04dcfb', 'sala-11', '2026-07-14', '7 VERTICALE', 'MONDO MERAVIGLIOSO', 'MONDO MERAVIGLIOSO', '10:00', '18:00', false, 'EDIT', null, true, false, 'definitivo', false, null, 'blue', null) on conflict (id) do update set room_code=excluded.room_code, shift_date=excluded.shift_date, production=excluded.production, film=excluded.film, program_title=excluded.program_title, start_time=excluded.start_time, end_time=excluded.end_time, end_is_24=excluded.end_is_24, work_type=excluded.work_type, staff_id=excluded.staff_id, is_client=excluded.is_client, is_double_station=excluded.is_double_station, status=excluded.status, confirmed=excluded.confirmed, confirmed_at=excluded.confirmed_at, color_key=excluded.color_key, notes=excluded.notes;
insert into public.shifts (id, room_code, shift_date, production, film, program_title, start_time, end_time, end_is_24, work_type, staff_id, is_client, is_double_station, status, confirmed, confirmed_at, color_key, notes) values ('67ac45e4-c180-566e-81f3-f74c3f925b27', 'sala-11', '2026-07-15', '7 VERTICALE', 'MONDO MERAVIGLIOSO', 'MONDO MERAVIGLIOSO', '10:00', '18:00', false, 'EDIT', null, true, false, 'definitivo', false, null, 'blue', null) on conflict (id) do update set room_code=excluded.room_code, shift_date=excluded.shift_date, production=excluded.production, film=excluded.film, program_title=excluded.program_title, start_time=excluded.start_time, end_time=excluded.end_time, end_is_24=excluded.end_is_24, work_type=excluded.work_type, staff_id=excluded.staff_id, is_client=excluded.is_client, is_double_station=excluded.is_double_station, status=excluded.status, confirmed=excluded.confirmed, confirmed_at=excluded.confirmed_at, color_key=excluded.color_key, notes=excluded.notes;
insert into public.shifts (id, room_code, shift_date, production, film, program_title, start_time, end_time, end_is_24, work_type, staff_id, is_client, is_double_station, status, confirmed, confirmed_at, color_key, notes) values ('d92676cf-79ec-5f67-b23e-2de73e260e82', 'sala-11', '2026-07-16', '7 VERTICALE', 'MONDO MERAVIGLIOSO', 'MONDO MERAVIGLIOSO', '10:00', '18:00', false, 'EDIT', null, true, false, 'definitivo', false, null, 'blue', null) on conflict (id) do update set room_code=excluded.room_code, shift_date=excluded.shift_date, production=excluded.production, film=excluded.film, program_title=excluded.program_title, start_time=excluded.start_time, end_time=excluded.end_time, end_is_24=excluded.end_is_24, work_type=excluded.work_type, staff_id=excluded.staff_id, is_client=excluded.is_client, is_double_station=excluded.is_double_station, status=excluded.status, confirmed=excluded.confirmed, confirmed_at=excluded.confirmed_at, color_key=excluded.color_key, notes=excluded.notes;
insert into public.shifts (id, room_code, shift_date, production, film, program_title, start_time, end_time, end_is_24, work_type, staff_id, is_client, is_double_station, status, confirmed, confirmed_at, color_key, notes) values ('8967d008-40a2-5249-800c-501427f1c3c5', 'sala-11', '2026-07-17', '7 VERTICALE', 'MONDO MERAVIGLIOSO', 'MONDO MERAVIGLIOSO', '10:00', '18:00', false, 'EDIT', null, true, false, 'definitivo', false, null, 'blue', null) on conflict (id) do update set room_code=excluded.room_code, shift_date=excluded.shift_date, production=excluded.production, film=excluded.film, program_title=excluded.program_title, start_time=excluded.start_time, end_time=excluded.end_time, end_is_24=excluded.end_is_24, work_type=excluded.work_type, staff_id=excluded.staff_id, is_client=excluded.is_client, is_double_station=excluded.is_double_station, status=excluded.status, confirmed=excluded.confirmed, confirmed_at=excluded.confirmed_at, color_key=excluded.color_key, notes=excluded.notes;
insert into public.shifts (id, room_code, shift_date, production, film, program_title, start_time, end_time, end_is_24, work_type, staff_id, is_client, is_double_station, status, confirmed, confirmed_at, color_key, notes) values ('0b9216c2-b088-5cd3-ad19-9fb9f296221d', 'sala-11', '2026-07-20', '7 VERTICALE', 'MONDO MERAVIGLIOSO', 'MONDO MERAVIGLIOSO', '10:00', '18:00', false, 'EDIT', null, true, false, 'definitivo', false, null, 'blue', null) on conflict (id) do update set room_code=excluded.room_code, shift_date=excluded.shift_date, production=excluded.production, film=excluded.film, program_title=excluded.program_title, start_time=excluded.start_time, end_time=excluded.end_time, end_is_24=excluded.end_is_24, work_type=excluded.work_type, staff_id=excluded.staff_id, is_client=excluded.is_client, is_double_station=excluded.is_double_station, status=excluded.status, confirmed=excluded.confirmed, confirmed_at=excluded.confirmed_at, color_key=excluded.color_key, notes=excluded.notes;
insert into public.shifts (id, room_code, shift_date, production, film, program_title, start_time, end_time, end_is_24, work_type, staff_id, is_client, is_double_station, status, confirmed, confirmed_at, color_key, notes) values ('b2ea13d4-6c41-5087-8a98-4b72ddfbd511', 'sala-11', '2026-07-21', '7 VERTICALE', 'MONDO MERAVIGLIOSO', 'MONDO MERAVIGLIOSO', '10:00', '18:00', false, 'EDIT', null, true, false, 'definitivo', false, null, 'blue', null) on conflict (id) do update set room_code=excluded.room_code, shift_date=excluded.shift_date, production=excluded.production, film=excluded.film, program_title=excluded.program_title, start_time=excluded.start_time, end_time=excluded.end_time, end_is_24=excluded.end_is_24, work_type=excluded.work_type, staff_id=excluded.staff_id, is_client=excluded.is_client, is_double_station=excluded.is_double_station, status=excluded.status, confirmed=excluded.confirmed, confirmed_at=excluded.confirmed_at, color_key=excluded.color_key, notes=excluded.notes;
insert into public.shifts (id, room_code, shift_date, production, film, program_title, start_time, end_time, end_is_24, work_type, staff_id, is_client, is_double_station, status, confirmed, confirmed_at, color_key, notes) values ('6019cbb9-af56-591a-a0ba-c1893d1959d7', 'sala-11', '2026-07-22', '7 VERTICALE', 'MONDO MERAVIGLIOSO', 'MONDO MERAVIGLIOSO', '10:00', '18:00', false, 'EDIT', null, true, false, 'definitivo', false, null, 'blue', null) on conflict (id) do update set room_code=excluded.room_code, shift_date=excluded.shift_date, production=excluded.production, film=excluded.film, program_title=excluded.program_title, start_time=excluded.start_time, end_time=excluded.end_time, end_is_24=excluded.end_is_24, work_type=excluded.work_type, staff_id=excluded.staff_id, is_client=excluded.is_client, is_double_station=excluded.is_double_station, status=excluded.status, confirmed=excluded.confirmed, confirmed_at=excluded.confirmed_at, color_key=excluded.color_key, notes=excluded.notes;
insert into public.shifts (id, room_code, shift_date, production, film, program_title, start_time, end_time, end_is_24, work_type, staff_id, is_client, is_double_station, status, confirmed, confirmed_at, color_key, notes) values ('458ca810-9bc1-5627-8748-672b93fa2433', 'sala-11', '2026-07-23', '7 VERTICALE', 'MONDO MERAVIGLIOSO', 'MONDO MERAVIGLIOSO', '10:00', '18:00', false, 'EDIT', null, true, false, 'definitivo', false, null, 'blue', null) on conflict (id) do update set room_code=excluded.room_code, shift_date=excluded.shift_date, production=excluded.production, film=excluded.film, program_title=excluded.program_title, start_time=excluded.start_time, end_time=excluded.end_time, end_is_24=excluded.end_is_24, work_type=excluded.work_type, staff_id=excluded.staff_id, is_client=excluded.is_client, is_double_station=excluded.is_double_station, status=excluded.status, confirmed=excluded.confirmed, confirmed_at=excluded.confirmed_at, color_key=excluded.color_key, notes=excluded.notes;
insert into public.shifts (id, room_code, shift_date, production, film, program_title, start_time, end_time, end_is_24, work_type, staff_id, is_client, is_double_station, status, confirmed, confirmed_at, color_key, notes) values ('42265a22-8760-5e92-9afc-8eb04ef34f4d', 'sala-11', '2026-07-24', '7 VERTICALE', 'MONDO MERAVIGLIOSO', 'MONDO MERAVIGLIOSO', '10:00', '18:00', false, 'EDIT', null, true, false, 'definitivo', false, null, 'blue', null) on conflict (id) do update set room_code=excluded.room_code, shift_date=excluded.shift_date, production=excluded.production, film=excluded.film, program_title=excluded.program_title, start_time=excluded.start_time, end_time=excluded.end_time, end_is_24=excluded.end_is_24, work_type=excluded.work_type, staff_id=excluded.staff_id, is_client=excluded.is_client, is_double_station=excluded.is_double_station, status=excluded.status, confirmed=excluded.confirmed, confirmed_at=excluded.confirmed_at, color_key=excluded.color_key, notes=excluded.notes;
insert into public.shifts (id, room_code, shift_date, production, film, program_title, start_time, end_time, end_is_24, work_type, staff_id, is_client, is_double_station, status, confirmed, confirmed_at, color_key, notes) values ('83b9fc2b-1eb8-5c85-aa49-beb49d990c56', 'sala-11', '2026-07-27', '7 VERTICALE', 'MONDO MERAVIGLIOSO', 'MONDO MERAVIGLIOSO', '10:00', '18:00', false, 'EDIT', null, true, false, 'definitivo', false, null, 'blue', null) on conflict (id) do update set room_code=excluded.room_code, shift_date=excluded.shift_date, production=excluded.production, film=excluded.film, program_title=excluded.program_title, start_time=excluded.start_time, end_time=excluded.end_time, end_is_24=excluded.end_is_24, work_type=excluded.work_type, staff_id=excluded.staff_id, is_client=excluded.is_client, is_double_station=excluded.is_double_station, status=excluded.status, confirmed=excluded.confirmed, confirmed_at=excluded.confirmed_at, color_key=excluded.color_key, notes=excluded.notes;
insert into public.shifts (id, room_code, shift_date, production, film, program_title, start_time, end_time, end_is_24, work_type, staff_id, is_client, is_double_station, status, confirmed, confirmed_at, color_key, notes) values ('75a958ce-c0af-5e32-9468-35474914aca7', 'sala-11', '2026-07-28', '7 VERTICALE', 'MONDO MERAVIGLIOSO', 'MONDO MERAVIGLIOSO', '10:00', '18:00', false, 'EDIT', null, true, false, 'definitivo', false, null, 'blue', null) on conflict (id) do update set room_code=excluded.room_code, shift_date=excluded.shift_date, production=excluded.production, film=excluded.film, program_title=excluded.program_title, start_time=excluded.start_time, end_time=excluded.end_time, end_is_24=excluded.end_is_24, work_type=excluded.work_type, staff_id=excluded.staff_id, is_client=excluded.is_client, is_double_station=excluded.is_double_station, status=excluded.status, confirmed=excluded.confirmed, confirmed_at=excluded.confirmed_at, color_key=excluded.color_key, notes=excluded.notes;
insert into public.shifts (id, room_code, shift_date, production, film, program_title, start_time, end_time, end_is_24, work_type, staff_id, is_client, is_double_station, status, confirmed, confirmed_at, color_key, notes) values ('dab1405e-544a-58a4-93a0-9077a89d9e28', 'sala-11', '2026-07-29', '7 VERTICALE', 'MONDO MERAVIGLIOSO', 'MONDO MERAVIGLIOSO', '10:00', '18:00', false, 'EDIT', null, true, false, 'definitivo', false, null, 'blue', null) on conflict (id) do update set room_code=excluded.room_code, shift_date=excluded.shift_date, production=excluded.production, film=excluded.film, program_title=excluded.program_title, start_time=excluded.start_time, end_time=excluded.end_time, end_is_24=excluded.end_is_24, work_type=excluded.work_type, staff_id=excluded.staff_id, is_client=excluded.is_client, is_double_station=excluded.is_double_station, status=excluded.status, confirmed=excluded.confirmed, confirmed_at=excluded.confirmed_at, color_key=excluded.color_key, notes=excluded.notes;
insert into public.shifts (id, room_code, shift_date, production, film, program_title, start_time, end_time, end_is_24, work_type, staff_id, is_client, is_double_station, status, confirmed, confirmed_at, color_key, notes) values ('d82fe4cb-83d8-50fe-b64d-98d130abd2be', 'sala-11', '2026-07-30', '7 VERTICALE', 'MONDO MERAVIGLIOSO', 'MONDO MERAVIGLIOSO', '10:00', '18:00', false, 'EDIT', null, true, false, 'definitivo', false, null, 'blue', null) on conflict (id) do update set room_code=excluded.room_code, shift_date=excluded.shift_date, production=excluded.production, film=excluded.film, program_title=excluded.program_title, start_time=excluded.start_time, end_time=excluded.end_time, end_is_24=excluded.end_is_24, work_type=excluded.work_type, staff_id=excluded.staff_id, is_client=excluded.is_client, is_double_station=excluded.is_double_station, status=excluded.status, confirmed=excluded.confirmed, confirmed_at=excluded.confirmed_at, color_key=excluded.color_key, notes=excluded.notes;
insert into public.shifts (id, room_code, shift_date, production, film, program_title, start_time, end_time, end_is_24, work_type, staff_id, is_client, is_double_station, status, confirmed, confirmed_at, color_key, notes) values ('325e39a9-f70b-58f2-af9e-479ad001040d', 'sala-11', '2026-07-31', '7 VERTICALE', 'MONDO MERAVIGLIOSO', 'MONDO MERAVIGLIOSO', '10:00', '18:00', false, 'EDIT', null, true, false, 'definitivo', false, null, 'blue', null) on conflict (id) do update set room_code=excluded.room_code, shift_date=excluded.shift_date, production=excluded.production, film=excluded.film, program_title=excluded.program_title, start_time=excluded.start_time, end_time=excluded.end_time, end_is_24=excluded.end_is_24, work_type=excluded.work_type, staff_id=excluded.staff_id, is_client=excluded.is_client, is_double_station=excluded.is_double_station, status=excluded.status, confirmed=excluded.confirmed, confirmed_at=excluded.confirmed_at, color_key=excluded.color_key, notes=excluded.notes;
insert into public.shifts (id, room_code, shift_date, production, film, program_title, start_time, end_time, end_is_24, work_type, staff_id, is_client, is_double_station, status, confirmed, confirmed_at, color_key, notes) values ('8bc7f554-43d3-5223-ab4d-fcb1a7cb3313', 'sala-12', '2026-06-29', '7 VERTICALE', 'MONDO MERAVIGLIOSO', 'MONDO MERAVIGLIOSO', '10:00', '18:00', false, 'EDIT', null, false, false, 'definitivo', false, null, 'blue', null) on conflict (id) do update set room_code=excluded.room_code, shift_date=excluded.shift_date, production=excluded.production, film=excluded.film, program_title=excluded.program_title, start_time=excluded.start_time, end_time=excluded.end_time, end_is_24=excluded.end_is_24, work_type=excluded.work_type, staff_id=excluded.staff_id, is_client=excluded.is_client, is_double_station=excluded.is_double_station, status=excluded.status, confirmed=excluded.confirmed, confirmed_at=excluded.confirmed_at, color_key=excluded.color_key, notes=excluded.notes;
insert into public.shifts (id, room_code, shift_date, production, film, program_title, start_time, end_time, end_is_24, work_type, staff_id, is_client, is_double_station, status, confirmed, confirmed_at, color_key, notes) values ('4f63b45c-ac5c-5bd7-bc49-c4bee1176fac', 'sala-12', '2026-06-30', '7 VERTICALE', 'MONDO MERAVIGLIOSO', 'MONDO MERAVIGLIOSO', '10:00', '18:00', false, 'EDIT', null, false, false, 'definitivo', false, null, 'blue', null) on conflict (id) do update set room_code=excluded.room_code, shift_date=excluded.shift_date, production=excluded.production, film=excluded.film, program_title=excluded.program_title, start_time=excluded.start_time, end_time=excluded.end_time, end_is_24=excluded.end_is_24, work_type=excluded.work_type, staff_id=excluded.staff_id, is_client=excluded.is_client, is_double_station=excluded.is_double_station, status=excluded.status, confirmed=excluded.confirmed, confirmed_at=excluded.confirmed_at, color_key=excluded.color_key, notes=excluded.notes;
insert into public.shifts (id, room_code, shift_date, production, film, program_title, start_time, end_time, end_is_24, work_type, staff_id, is_client, is_double_station, status, confirmed, confirmed_at, color_key, notes) values ('cb29c5cb-acee-5a27-be2b-0c77fe98ae09', 'sala-12', '2026-07-01', '7 VERTICALE', 'MONDO MERAVIGLIOSO', 'MONDO MERAVIGLIOSO', '10:00', '18:00', false, 'EDIT', null, false, false, 'definitivo', false, null, 'blue', null) on conflict (id) do update set room_code=excluded.room_code, shift_date=excluded.shift_date, production=excluded.production, film=excluded.film, program_title=excluded.program_title, start_time=excluded.start_time, end_time=excluded.end_time, end_is_24=excluded.end_is_24, work_type=excluded.work_type, staff_id=excluded.staff_id, is_client=excluded.is_client, is_double_station=excluded.is_double_station, status=excluded.status, confirmed=excluded.confirmed, confirmed_at=excluded.confirmed_at, color_key=excluded.color_key, notes=excluded.notes;
insert into public.shifts (id, room_code, shift_date, production, film, program_title, start_time, end_time, end_is_24, work_type, staff_id, is_client, is_double_station, status, confirmed, confirmed_at, color_key, notes) values ('f96ae3a9-da1c-519a-912e-83342e10ce86', 'sala-12', '2026-07-02', '7 VERTICALE', 'MONDO MERAVIGLIOSO', 'MONDO MERAVIGLIOSO', '10:00', '18:00', false, 'EDIT', null, false, false, 'definitivo', false, null, 'blue', null) on conflict (id) do update set room_code=excluded.room_code, shift_date=excluded.shift_date, production=excluded.production, film=excluded.film, program_title=excluded.program_title, start_time=excluded.start_time, end_time=excluded.end_time, end_is_24=excluded.end_is_24, work_type=excluded.work_type, staff_id=excluded.staff_id, is_client=excluded.is_client, is_double_station=excluded.is_double_station, status=excluded.status, confirmed=excluded.confirmed, confirmed_at=excluded.confirmed_at, color_key=excluded.color_key, notes=excluded.notes;
insert into public.shifts (id, room_code, shift_date, production, film, program_title, start_time, end_time, end_is_24, work_type, staff_id, is_client, is_double_station, status, confirmed, confirmed_at, color_key, notes) values ('e7187368-8cdd-5b7e-a206-1e653bf7fe1a', 'sala-12', '2026-07-03', '7 VERTICALE', 'MONDO MERAVIGLIOSO', 'MONDO MERAVIGLIOSO', '10:00', '18:00', false, 'EDIT', null, false, false, 'definitivo', false, null, 'blue', null) on conflict (id) do update set room_code=excluded.room_code, shift_date=excluded.shift_date, production=excluded.production, film=excluded.film, program_title=excluded.program_title, start_time=excluded.start_time, end_time=excluded.end_time, end_is_24=excluded.end_is_24, work_type=excluded.work_type, staff_id=excluded.staff_id, is_client=excluded.is_client, is_double_station=excluded.is_double_station, status=excluded.status, confirmed=excluded.confirmed, confirmed_at=excluded.confirmed_at, color_key=excluded.color_key, notes=excluded.notes;
insert into public.shifts (id, room_code, shift_date, production, film, program_title, start_time, end_time, end_is_24, work_type, staff_id, is_client, is_double_station, status, confirmed, confirmed_at, color_key, notes) values ('0405427b-32e2-57a4-b932-36d5059ee65d', 'sala-12', '2026-07-06', '7 VERTICALE', 'MONDO MERAVIGLIOSO', 'MONDO MERAVIGLIOSO', '10:00', '18:00', false, 'EDIT', null, false, false, 'definitivo', false, null, 'blue', null) on conflict (id) do update set room_code=excluded.room_code, shift_date=excluded.shift_date, production=excluded.production, film=excluded.film, program_title=excluded.program_title, start_time=excluded.start_time, end_time=excluded.end_time, end_is_24=excluded.end_is_24, work_type=excluded.work_type, staff_id=excluded.staff_id, is_client=excluded.is_client, is_double_station=excluded.is_double_station, status=excluded.status, confirmed=excluded.confirmed, confirmed_at=excluded.confirmed_at, color_key=excluded.color_key, notes=excluded.notes;
insert into public.shifts (id, room_code, shift_date, production, film, program_title, start_time, end_time, end_is_24, work_type, staff_id, is_client, is_double_station, status, confirmed, confirmed_at, color_key, notes) values ('42df1c28-8fad-536d-88d8-06be69493d8e', 'sala-12', '2026-07-07', '7 VERTICALE', 'MONDO MERAVIGLIOSO', 'MONDO MERAVIGLIOSO', '10:00', '18:00', false, 'EDIT', null, false, false, 'definitivo', false, null, 'blue', null) on conflict (id) do update set room_code=excluded.room_code, shift_date=excluded.shift_date, production=excluded.production, film=excluded.film, program_title=excluded.program_title, start_time=excluded.start_time, end_time=excluded.end_time, end_is_24=excluded.end_is_24, work_type=excluded.work_type, staff_id=excluded.staff_id, is_client=excluded.is_client, is_double_station=excluded.is_double_station, status=excluded.status, confirmed=excluded.confirmed, confirmed_at=excluded.confirmed_at, color_key=excluded.color_key, notes=excluded.notes;
insert into public.shifts (id, room_code, shift_date, production, film, program_title, start_time, end_time, end_is_24, work_type, staff_id, is_client, is_double_station, status, confirmed, confirmed_at, color_key, notes) values ('793673ce-aab9-5501-9266-3c628ca24f6c', 'sala-12', '2026-07-08', '7 VERTICALE', 'MONDO MERAVIGLIOSO', 'MONDO MERAVIGLIOSO', '10:00', '18:00', false, 'EDIT', null, false, false, 'definitivo', false, null, 'blue', null) on conflict (id) do update set room_code=excluded.room_code, shift_date=excluded.shift_date, production=excluded.production, film=excluded.film, program_title=excluded.program_title, start_time=excluded.start_time, end_time=excluded.end_time, end_is_24=excluded.end_is_24, work_type=excluded.work_type, staff_id=excluded.staff_id, is_client=excluded.is_client, is_double_station=excluded.is_double_station, status=excluded.status, confirmed=excluded.confirmed, confirmed_at=excluded.confirmed_at, color_key=excluded.color_key, notes=excluded.notes;
insert into public.shifts (id, room_code, shift_date, production, film, program_title, start_time, end_time, end_is_24, work_type, staff_id, is_client, is_double_station, status, confirmed, confirmed_at, color_key, notes) values ('00a8e2e1-4c0a-5a18-90db-1e8e26367d60', 'sala-12', '2026-07-09', '7 VERTICALE', 'MONDO MERAVIGLIOSO', 'MONDO MERAVIGLIOSO', '10:00', '18:00', false, 'EDIT', null, false, false, 'definitivo', false, null, 'blue', null) on conflict (id) do update set room_code=excluded.room_code, shift_date=excluded.shift_date, production=excluded.production, film=excluded.film, program_title=excluded.program_title, start_time=excluded.start_time, end_time=excluded.end_time, end_is_24=excluded.end_is_24, work_type=excluded.work_type, staff_id=excluded.staff_id, is_client=excluded.is_client, is_double_station=excluded.is_double_station, status=excluded.status, confirmed=excluded.confirmed, confirmed_at=excluded.confirmed_at, color_key=excluded.color_key, notes=excluded.notes;
insert into public.shifts (id, room_code, shift_date, production, film, program_title, start_time, end_time, end_is_24, work_type, staff_id, is_client, is_double_station, status, confirmed, confirmed_at, color_key, notes) values ('a40f202d-2555-5645-945f-32529c5dfcf2', 'sala-12', '2026-07-10', '7 VERTICALE', 'MONDO MERAVIGLIOSO', 'MONDO MERAVIGLIOSO', '10:00', '18:00', false, 'EDIT', null, false, false, 'definitivo', false, null, 'blue', null) on conflict (id) do update set room_code=excluded.room_code, shift_date=excluded.shift_date, production=excluded.production, film=excluded.film, program_title=excluded.program_title, start_time=excluded.start_time, end_time=excluded.end_time, end_is_24=excluded.end_is_24, work_type=excluded.work_type, staff_id=excluded.staff_id, is_client=excluded.is_client, is_double_station=excluded.is_double_station, status=excluded.status, confirmed=excluded.confirmed, confirmed_at=excluded.confirmed_at, color_key=excluded.color_key, notes=excluded.notes;
insert into public.shifts (id, room_code, shift_date, production, film, program_title, start_time, end_time, end_is_24, work_type, staff_id, is_client, is_double_station, status, confirmed, confirmed_at, color_key, notes) values ('e46c9e1b-d032-5501-a9eb-d1767c10bbd5', 'sala-12', '2026-07-13', '7 VERTICALE', 'MONDO MERAVIGLIOSO', 'MONDO MERAVIGLIOSO', '10:00', '18:00', false, 'EDIT', null, false, false, 'definitivo', false, null, 'blue', null) on conflict (id) do update set room_code=excluded.room_code, shift_date=excluded.shift_date, production=excluded.production, film=excluded.film, program_title=excluded.program_title, start_time=excluded.start_time, end_time=excluded.end_time, end_is_24=excluded.end_is_24, work_type=excluded.work_type, staff_id=excluded.staff_id, is_client=excluded.is_client, is_double_station=excluded.is_double_station, status=excluded.status, confirmed=excluded.confirmed, confirmed_at=excluded.confirmed_at, color_key=excluded.color_key, notes=excluded.notes;
insert into public.shifts (id, room_code, shift_date, production, film, program_title, start_time, end_time, end_is_24, work_type, staff_id, is_client, is_double_station, status, confirmed, confirmed_at, color_key, notes) values ('6821186a-e1a8-5ccc-b589-0ac37407c1a6', 'sala-12', '2026-07-14', '7 VERTICALE', 'MONDO MERAVIGLIOSO', 'MONDO MERAVIGLIOSO', '10:00', '18:00', false, 'EDIT', null, false, false, 'definitivo', false, null, 'blue', null) on conflict (id) do update set room_code=excluded.room_code, shift_date=excluded.shift_date, production=excluded.production, film=excluded.film, program_title=excluded.program_title, start_time=excluded.start_time, end_time=excluded.end_time, end_is_24=excluded.end_is_24, work_type=excluded.work_type, staff_id=excluded.staff_id, is_client=excluded.is_client, is_double_station=excluded.is_double_station, status=excluded.status, confirmed=excluded.confirmed, confirmed_at=excluded.confirmed_at, color_key=excluded.color_key, notes=excluded.notes;
insert into public.shifts (id, room_code, shift_date, production, film, program_title, start_time, end_time, end_is_24, work_type, staff_id, is_client, is_double_station, status, confirmed, confirmed_at, color_key, notes) values ('8aa01862-1d65-5113-a2cc-271156c6e3aa', 'sala-12', '2026-07-15', '7 VERTICALE', 'MONDO MERAVIGLIOSO', 'MONDO MERAVIGLIOSO', '10:00', '18:00', false, 'EDIT', null, false, false, 'definitivo', false, null, 'blue', null) on conflict (id) do update set room_code=excluded.room_code, shift_date=excluded.shift_date, production=excluded.production, film=excluded.film, program_title=excluded.program_title, start_time=excluded.start_time, end_time=excluded.end_time, end_is_24=excluded.end_is_24, work_type=excluded.work_type, staff_id=excluded.staff_id, is_client=excluded.is_client, is_double_station=excluded.is_double_station, status=excluded.status, confirmed=excluded.confirmed, confirmed_at=excluded.confirmed_at, color_key=excluded.color_key, notes=excluded.notes;
insert into public.shifts (id, room_code, shift_date, production, film, program_title, start_time, end_time, end_is_24, work_type, staff_id, is_client, is_double_station, status, confirmed, confirmed_at, color_key, notes) values ('b4c96f7d-7046-59a4-bb5a-0119bbe04cdd', 'sala-12', '2026-07-16', '7 VERTICALE', 'MONDO MERAVIGLIOSO', 'MONDO MERAVIGLIOSO', '10:00', '18:00', false, 'EDIT', null, false, false, 'definitivo', false, null, 'blue', null) on conflict (id) do update set room_code=excluded.room_code, shift_date=excluded.shift_date, production=excluded.production, film=excluded.film, program_title=excluded.program_title, start_time=excluded.start_time, end_time=excluded.end_time, end_is_24=excluded.end_is_24, work_type=excluded.work_type, staff_id=excluded.staff_id, is_client=excluded.is_client, is_double_station=excluded.is_double_station, status=excluded.status, confirmed=excluded.confirmed, confirmed_at=excluded.confirmed_at, color_key=excluded.color_key, notes=excluded.notes;
insert into public.shifts (id, room_code, shift_date, production, film, program_title, start_time, end_time, end_is_24, work_type, staff_id, is_client, is_double_station, status, confirmed, confirmed_at, color_key, notes) values ('6f904fb1-1214-5da9-98be-39f94aad0b87', 'sala-12', '2026-07-17', '7 VERTICALE', 'MONDO MERAVIGLIOSO', 'MONDO MERAVIGLIOSO', '10:00', '18:00', false, 'EDIT', null, false, false, 'definitivo', false, null, 'blue', null) on conflict (id) do update set room_code=excluded.room_code, shift_date=excluded.shift_date, production=excluded.production, film=excluded.film, program_title=excluded.program_title, start_time=excluded.start_time, end_time=excluded.end_time, end_is_24=excluded.end_is_24, work_type=excluded.work_type, staff_id=excluded.staff_id, is_client=excluded.is_client, is_double_station=excluded.is_double_station, status=excluded.status, confirmed=excluded.confirmed, confirmed_at=excluded.confirmed_at, color_key=excluded.color_key, notes=excluded.notes;
insert into public.shifts (id, room_code, shift_date, production, film, program_title, start_time, end_time, end_is_24, work_type, staff_id, is_client, is_double_station, status, confirmed, confirmed_at, color_key, notes) values ('b6603e8e-292f-52dd-b9a3-23ba1fb67042', 'sala-12', '2026-07-20', '7 VERTICALE', 'MONDO MERAVIGLIOSO', 'MONDO MERAVIGLIOSO', '10:00', '18:00', false, 'EDIT', null, false, false, 'definitivo', false, null, 'blue', null) on conflict (id) do update set room_code=excluded.room_code, shift_date=excluded.shift_date, production=excluded.production, film=excluded.film, program_title=excluded.program_title, start_time=excluded.start_time, end_time=excluded.end_time, end_is_24=excluded.end_is_24, work_type=excluded.work_type, staff_id=excluded.staff_id, is_client=excluded.is_client, is_double_station=excluded.is_double_station, status=excluded.status, confirmed=excluded.confirmed, confirmed_at=excluded.confirmed_at, color_key=excluded.color_key, notes=excluded.notes;
insert into public.shifts (id, room_code, shift_date, production, film, program_title, start_time, end_time, end_is_24, work_type, staff_id, is_client, is_double_station, status, confirmed, confirmed_at, color_key, notes) values ('18991c53-a96d-5235-ad08-bce4e23f74d3', 'sala-12', '2026-07-21', '7 VERTICALE', 'MONDO MERAVIGLIOSO', 'MONDO MERAVIGLIOSO', '10:00', '18:00', false, 'EDIT', null, false, false, 'definitivo', false, null, 'blue', null) on conflict (id) do update set room_code=excluded.room_code, shift_date=excluded.shift_date, production=excluded.production, film=excluded.film, program_title=excluded.program_title, start_time=excluded.start_time, end_time=excluded.end_time, end_is_24=excluded.end_is_24, work_type=excluded.work_type, staff_id=excluded.staff_id, is_client=excluded.is_client, is_double_station=excluded.is_double_station, status=excluded.status, confirmed=excluded.confirmed, confirmed_at=excluded.confirmed_at, color_key=excluded.color_key, notes=excluded.notes;
insert into public.shifts (id, room_code, shift_date, production, film, program_title, start_time, end_time, end_is_24, work_type, staff_id, is_client, is_double_station, status, confirmed, confirmed_at, color_key, notes) values ('8c2ff8f6-d16b-5859-9fc8-73a668449113', 'sala-12', '2026-07-22', '7 VERTICALE', 'MONDO MERAVIGLIOSO', 'MONDO MERAVIGLIOSO', '10:00', '18:00', false, 'EDIT', null, false, false, 'definitivo', false, null, 'blue', null) on conflict (id) do update set room_code=excluded.room_code, shift_date=excluded.shift_date, production=excluded.production, film=excluded.film, program_title=excluded.program_title, start_time=excluded.start_time, end_time=excluded.end_time, end_is_24=excluded.end_is_24, work_type=excluded.work_type, staff_id=excluded.staff_id, is_client=excluded.is_client, is_double_station=excluded.is_double_station, status=excluded.status, confirmed=excluded.confirmed, confirmed_at=excluded.confirmed_at, color_key=excluded.color_key, notes=excluded.notes;
insert into public.shifts (id, room_code, shift_date, production, film, program_title, start_time, end_time, end_is_24, work_type, staff_id, is_client, is_double_station, status, confirmed, confirmed_at, color_key, notes) values ('11811260-d04e-5705-b538-bb64b96fe6a0', 'sala-12', '2026-07-23', '7 VERTICALE', 'MONDO MERAVIGLIOSO', 'MONDO MERAVIGLIOSO', '10:00', '18:00', false, 'EDIT', null, false, false, 'definitivo', false, null, 'blue', null) on conflict (id) do update set room_code=excluded.room_code, shift_date=excluded.shift_date, production=excluded.production, film=excluded.film, program_title=excluded.program_title, start_time=excluded.start_time, end_time=excluded.end_time, end_is_24=excluded.end_is_24, work_type=excluded.work_type, staff_id=excluded.staff_id, is_client=excluded.is_client, is_double_station=excluded.is_double_station, status=excluded.status, confirmed=excluded.confirmed, confirmed_at=excluded.confirmed_at, color_key=excluded.color_key, notes=excluded.notes;
insert into public.shifts (id, room_code, shift_date, production, film, program_title, start_time, end_time, end_is_24, work_type, staff_id, is_client, is_double_station, status, confirmed, confirmed_at, color_key, notes) values ('eeb22f2d-d267-5709-a1cb-ab26a9873828', 'sala-12', '2026-07-24', '7 VERTICALE', 'MONDO MERAVIGLIOSO', 'MONDO MERAVIGLIOSO', '10:00', '18:00', false, 'EDIT', null, false, false, 'definitivo', false, null, 'blue', null) on conflict (id) do update set room_code=excluded.room_code, shift_date=excluded.shift_date, production=excluded.production, film=excluded.film, program_title=excluded.program_title, start_time=excluded.start_time, end_time=excluded.end_time, end_is_24=excluded.end_is_24, work_type=excluded.work_type, staff_id=excluded.staff_id, is_client=excluded.is_client, is_double_station=excluded.is_double_station, status=excluded.status, confirmed=excluded.confirmed, confirmed_at=excluded.confirmed_at, color_key=excluded.color_key, notes=excluded.notes;
insert into public.shifts (id, room_code, shift_date, production, film, program_title, start_time, end_time, end_is_24, work_type, staff_id, is_client, is_double_station, status, confirmed, confirmed_at, color_key, notes) values ('57cce12b-c180-5a72-8589-75d326f745d3', 'sala-12', '2026-07-27', '7 VERTICALE', 'MONDO MERAVIGLIOSO', 'MONDO MERAVIGLIOSO', '10:00', '18:00', false, 'EDIT', null, false, false, 'definitivo', false, null, 'blue', null) on conflict (id) do update set room_code=excluded.room_code, shift_date=excluded.shift_date, production=excluded.production, film=excluded.film, program_title=excluded.program_title, start_time=excluded.start_time, end_time=excluded.end_time, end_is_24=excluded.end_is_24, work_type=excluded.work_type, staff_id=excluded.staff_id, is_client=excluded.is_client, is_double_station=excluded.is_double_station, status=excluded.status, confirmed=excluded.confirmed, confirmed_at=excluded.confirmed_at, color_key=excluded.color_key, notes=excluded.notes;
insert into public.shifts (id, room_code, shift_date, production, film, program_title, start_time, end_time, end_is_24, work_type, staff_id, is_client, is_double_station, status, confirmed, confirmed_at, color_key, notes) values ('73ab5ea4-7d88-5b8b-ab13-57c9bb58c33d', 'sala-12', '2026-07-28', '7 VERTICALE', 'MONDO MERAVIGLIOSO', 'MONDO MERAVIGLIOSO', '10:00', '18:00', false, 'EDIT', null, false, false, 'definitivo', false, null, 'blue', null) on conflict (id) do update set room_code=excluded.room_code, shift_date=excluded.shift_date, production=excluded.production, film=excluded.film, program_title=excluded.program_title, start_time=excluded.start_time, end_time=excluded.end_time, end_is_24=excluded.end_is_24, work_type=excluded.work_type, staff_id=excluded.staff_id, is_client=excluded.is_client, is_double_station=excluded.is_double_station, status=excluded.status, confirmed=excluded.confirmed, confirmed_at=excluded.confirmed_at, color_key=excluded.color_key, notes=excluded.notes;
insert into public.shifts (id, room_code, shift_date, production, film, program_title, start_time, end_time, end_is_24, work_type, staff_id, is_client, is_double_station, status, confirmed, confirmed_at, color_key, notes) values ('f2f0ea13-3042-5ca0-b9ec-2aa92f34e5e8', 'sala-12', '2026-07-29', '7 VERTICALE', 'MONDO MERAVIGLIOSO', 'MONDO MERAVIGLIOSO', '10:00', '18:00', false, 'EDIT', null, false, false, 'definitivo', false, null, 'blue', null) on conflict (id) do update set room_code=excluded.room_code, shift_date=excluded.shift_date, production=excluded.production, film=excluded.film, program_title=excluded.program_title, start_time=excluded.start_time, end_time=excluded.end_time, end_is_24=excluded.end_is_24, work_type=excluded.work_type, staff_id=excluded.staff_id, is_client=excluded.is_client, is_double_station=excluded.is_double_station, status=excluded.status, confirmed=excluded.confirmed, confirmed_at=excluded.confirmed_at, color_key=excluded.color_key, notes=excluded.notes;
insert into public.shifts (id, room_code, shift_date, production, film, program_title, start_time, end_time, end_is_24, work_type, staff_id, is_client, is_double_station, status, confirmed, confirmed_at, color_key, notes) values ('3aefa50b-4ab1-50cb-aaac-f749656798fb', 'sala-12', '2026-07-30', '7 VERTICALE', 'MONDO MERAVIGLIOSO', 'MONDO MERAVIGLIOSO', '10:00', '18:00', false, 'EDIT', null, false, false, 'definitivo', false, null, 'blue', null) on conflict (id) do update set room_code=excluded.room_code, shift_date=excluded.shift_date, production=excluded.production, film=excluded.film, program_title=excluded.program_title, start_time=excluded.start_time, end_time=excluded.end_time, end_is_24=excluded.end_is_24, work_type=excluded.work_type, staff_id=excluded.staff_id, is_client=excluded.is_client, is_double_station=excluded.is_double_station, status=excluded.status, confirmed=excluded.confirmed, confirmed_at=excluded.confirmed_at, color_key=excluded.color_key, notes=excluded.notes;
insert into public.shifts (id, room_code, shift_date, production, film, program_title, start_time, end_time, end_is_24, work_type, staff_id, is_client, is_double_station, status, confirmed, confirmed_at, color_key, notes) values ('01db0a27-a2db-5b1d-b136-7093c98920e2', 'sala-12', '2026-07-31', '7 VERTICALE', 'MONDO MERAVIGLIOSO', 'MONDO MERAVIGLIOSO', '10:00', '18:00', false, 'EDIT', null, false, false, 'definitivo', false, null, 'blue', null) on conflict (id) do update set room_code=excluded.room_code, shift_date=excluded.shift_date, production=excluded.production, film=excluded.film, program_title=excluded.program_title, start_time=excluded.start_time, end_time=excluded.end_time, end_is_24=excluded.end_is_24, work_type=excluded.work_type, staff_id=excluded.staff_id, is_client=excluded.is_client, is_double_station=excluded.is_double_station, status=excluded.status, confirmed=excluded.confirmed, confirmed_at=excluded.confirmed_at, color_key=excluded.color_key, notes=excluded.notes;
insert into public.shifts (id, room_code, shift_date, production, film, program_title, start_time, end_time, end_is_24, work_type, staff_id, is_client, is_double_station, status, confirmed, confirmed_at, color_key, notes) values ('c73b5c7c-2516-540c-8838-278e70e93d29', 'sala-13', '2026-06-29', 'CATTLEYA', '???', '???', '10:00', '18:00', false, 'ASSISTENTE', null, true, false, 'definitivo', false, null, 'violet', 'Origine Excel: EDIT - ASSISTENTE') on conflict (id) do update set room_code=excluded.room_code, shift_date=excluded.shift_date, production=excluded.production, film=excluded.film, program_title=excluded.program_title, start_time=excluded.start_time, end_time=excluded.end_time, end_is_24=excluded.end_is_24, work_type=excluded.work_type, staff_id=excluded.staff_id, is_client=excluded.is_client, is_double_station=excluded.is_double_station, status=excluded.status, confirmed=excluded.confirmed, confirmed_at=excluded.confirmed_at, color_key=excluded.color_key, notes=excluded.notes;
insert into public.shifts (id, room_code, shift_date, production, film, program_title, start_time, end_time, end_is_24, work_type, staff_id, is_client, is_double_station, status, confirmed, confirmed_at, color_key, notes) values ('37020a53-d5bb-503a-8a33-057c499c68fd', 'sala-13', '2026-06-30', 'CATTLEYA', '???', '???', '10:00', '18:00', false, 'ASSISTENTE', null, true, false, 'definitivo', false, null, 'violet', 'Origine Excel: EDIT - ASSISTENTE') on conflict (id) do update set room_code=excluded.room_code, shift_date=excluded.shift_date, production=excluded.production, film=excluded.film, program_title=excluded.program_title, start_time=excluded.start_time, end_time=excluded.end_time, end_is_24=excluded.end_is_24, work_type=excluded.work_type, staff_id=excluded.staff_id, is_client=excluded.is_client, is_double_station=excluded.is_double_station, status=excluded.status, confirmed=excluded.confirmed, confirmed_at=excluded.confirmed_at, color_key=excluded.color_key, notes=excluded.notes;
insert into public.shifts (id, room_code, shift_date, production, film, program_title, start_time, end_time, end_is_24, work_type, staff_id, is_client, is_double_station, status, confirmed, confirmed_at, color_key, notes) values ('786365ef-7a54-56a6-8618-3b83e81ddb72', 'sala-13', '2026-07-01', 'CATTLEYA', '???', '???', '10:00', '18:00', false, 'ASSISTENTE', null, true, false, 'definitivo', false, null, 'violet', 'Origine Excel: EDIT - ASSISTENTE') on conflict (id) do update set room_code=excluded.room_code, shift_date=excluded.shift_date, production=excluded.production, film=excluded.film, program_title=excluded.program_title, start_time=excluded.start_time, end_time=excluded.end_time, end_is_24=excluded.end_is_24, work_type=excluded.work_type, staff_id=excluded.staff_id, is_client=excluded.is_client, is_double_station=excluded.is_double_station, status=excluded.status, confirmed=excluded.confirmed, confirmed_at=excluded.confirmed_at, color_key=excluded.color_key, notes=excluded.notes;
insert into public.shifts (id, room_code, shift_date, production, film, program_title, start_time, end_time, end_is_24, work_type, staff_id, is_client, is_double_station, status, confirmed, confirmed_at, color_key, notes) values ('3482c207-c469-54d7-a8cc-310fb376ee51', 'sala-13', '2026-07-02', 'CATTLEYA', '???', '???', '10:00', '18:00', false, 'ASSISTENTE', null, true, false, 'definitivo', false, null, 'violet', 'Origine Excel: EDIT - ASSISTENTE') on conflict (id) do update set room_code=excluded.room_code, shift_date=excluded.shift_date, production=excluded.production, film=excluded.film, program_title=excluded.program_title, start_time=excluded.start_time, end_time=excluded.end_time, end_is_24=excluded.end_is_24, work_type=excluded.work_type, staff_id=excluded.staff_id, is_client=excluded.is_client, is_double_station=excluded.is_double_station, status=excluded.status, confirmed=excluded.confirmed, confirmed_at=excluded.confirmed_at, color_key=excluded.color_key, notes=excluded.notes;
insert into public.shifts (id, room_code, shift_date, production, film, program_title, start_time, end_time, end_is_24, work_type, staff_id, is_client, is_double_station, status, confirmed, confirmed_at, color_key, notes) values ('e061b338-8e02-59d5-b9f7-feb8d2e737d7', 'sala-13', '2026-07-03', 'CATTLEYA', '???', '???', '10:00', '18:00', false, 'ASSISTENTE', null, true, false, 'definitivo', false, null, 'violet', 'Origine Excel: EDIT - ASSISTENTE') on conflict (id) do update set room_code=excluded.room_code, shift_date=excluded.shift_date, production=excluded.production, film=excluded.film, program_title=excluded.program_title, start_time=excluded.start_time, end_time=excluded.end_time, end_is_24=excluded.end_is_24, work_type=excluded.work_type, staff_id=excluded.staff_id, is_client=excluded.is_client, is_double_station=excluded.is_double_station, status=excluded.status, confirmed=excluded.confirmed, confirmed_at=excluded.confirmed_at, color_key=excluded.color_key, notes=excluded.notes;
insert into public.shifts (id, room_code, shift_date, production, film, program_title, start_time, end_time, end_is_24, work_type, staff_id, is_client, is_double_station, status, confirmed, confirmed_at, color_key, notes) values ('cbda0066-25d4-5400-857c-c99ac2e9debf', 'sala-13', '2026-07-06', 'CATTLEYA', '???', '???', '10:00', '18:00', false, 'ASSISTENTE', null, true, false, 'definitivo', false, null, 'violet', 'Origine Excel: EDIT - ASSISTENTE') on conflict (id) do update set room_code=excluded.room_code, shift_date=excluded.shift_date, production=excluded.production, film=excluded.film, program_title=excluded.program_title, start_time=excluded.start_time, end_time=excluded.end_time, end_is_24=excluded.end_is_24, work_type=excluded.work_type, staff_id=excluded.staff_id, is_client=excluded.is_client, is_double_station=excluded.is_double_station, status=excluded.status, confirmed=excluded.confirmed, confirmed_at=excluded.confirmed_at, color_key=excluded.color_key, notes=excluded.notes;
insert into public.shifts (id, room_code, shift_date, production, film, program_title, start_time, end_time, end_is_24, work_type, staff_id, is_client, is_double_station, status, confirmed, confirmed_at, color_key, notes) values ('3a0fdc7a-cfe3-5ccb-8fbd-5a01a2c70065', 'sala-13', '2026-07-07', 'CATTLEYA', '???', '???', '10:00', '18:00', false, 'ASSISTENTE', null, true, false, 'definitivo', false, null, 'violet', 'Origine Excel: EDIT - ASSISTENTE') on conflict (id) do update set room_code=excluded.room_code, shift_date=excluded.shift_date, production=excluded.production, film=excluded.film, program_title=excluded.program_title, start_time=excluded.start_time, end_time=excluded.end_time, end_is_24=excluded.end_is_24, work_type=excluded.work_type, staff_id=excluded.staff_id, is_client=excluded.is_client, is_double_station=excluded.is_double_station, status=excluded.status, confirmed=excluded.confirmed, confirmed_at=excluded.confirmed_at, color_key=excluded.color_key, notes=excluded.notes;
insert into public.shifts (id, room_code, shift_date, production, film, program_title, start_time, end_time, end_is_24, work_type, staff_id, is_client, is_double_station, status, confirmed, confirmed_at, color_key, notes) values ('b9bf2374-460d-538a-98bf-f6c857f2a707', 'sala-13', '2026-07-08', 'CATTLEYA', '???', '???', '10:00', '18:00', false, 'ASSISTENTE', null, true, false, 'definitivo', false, null, 'violet', 'Origine Excel: EDIT - ASSISTENTE') on conflict (id) do update set room_code=excluded.room_code, shift_date=excluded.shift_date, production=excluded.production, film=excluded.film, program_title=excluded.program_title, start_time=excluded.start_time, end_time=excluded.end_time, end_is_24=excluded.end_is_24, work_type=excluded.work_type, staff_id=excluded.staff_id, is_client=excluded.is_client, is_double_station=excluded.is_double_station, status=excluded.status, confirmed=excluded.confirmed, confirmed_at=excluded.confirmed_at, color_key=excluded.color_key, notes=excluded.notes;
insert into public.shifts (id, room_code, shift_date, production, film, program_title, start_time, end_time, end_is_24, work_type, staff_id, is_client, is_double_station, status, confirmed, confirmed_at, color_key, notes) values ('23278c24-3f7d-50b2-9727-009a945e24ac', 'sala-13', '2026-07-09', 'CATTLEYA', '???', '???', '10:00', '18:00', false, 'ASSISTENTE', null, true, false, 'definitivo', false, null, 'violet', 'Origine Excel: EDIT - ASSISTENTE') on conflict (id) do update set room_code=excluded.room_code, shift_date=excluded.shift_date, production=excluded.production, film=excluded.film, program_title=excluded.program_title, start_time=excluded.start_time, end_time=excluded.end_time, end_is_24=excluded.end_is_24, work_type=excluded.work_type, staff_id=excluded.staff_id, is_client=excluded.is_client, is_double_station=excluded.is_double_station, status=excluded.status, confirmed=excluded.confirmed, confirmed_at=excluded.confirmed_at, color_key=excluded.color_key, notes=excluded.notes;
insert into public.shifts (id, room_code, shift_date, production, film, program_title, start_time, end_time, end_is_24, work_type, staff_id, is_client, is_double_station, status, confirmed, confirmed_at, color_key, notes) values ('22eefa69-0ee0-556c-b75f-7ca541e63ba4', 'sala-13', '2026-07-10', 'CATTLEYA', '???', '???', '10:00', '18:00', false, 'ASSISTENTE', null, true, false, 'definitivo', false, null, 'violet', 'Origine Excel: EDIT - ASSISTENTE') on conflict (id) do update set room_code=excluded.room_code, shift_date=excluded.shift_date, production=excluded.production, film=excluded.film, program_title=excluded.program_title, start_time=excluded.start_time, end_time=excluded.end_time, end_is_24=excluded.end_is_24, work_type=excluded.work_type, staff_id=excluded.staff_id, is_client=excluded.is_client, is_double_station=excluded.is_double_station, status=excluded.status, confirmed=excluded.confirmed, confirmed_at=excluded.confirmed_at, color_key=excluded.color_key, notes=excluded.notes;
insert into public.shifts (id, room_code, shift_date, production, film, program_title, start_time, end_time, end_is_24, work_type, staff_id, is_client, is_double_station, status, confirmed, confirmed_at, color_key, notes) values ('ba628ea2-5d54-5d3c-95e2-f54f51bd788a', 'sala-13', '2026-07-13', 'CATTLEYA', '???', '???', '10:00', '18:00', false, 'ASSISTENTE', null, true, false, 'definitivo', false, null, 'violet', 'Origine Excel: EDIT - ASSISTENTE') on conflict (id) do update set room_code=excluded.room_code, shift_date=excluded.shift_date, production=excluded.production, film=excluded.film, program_title=excluded.program_title, start_time=excluded.start_time, end_time=excluded.end_time, end_is_24=excluded.end_is_24, work_type=excluded.work_type, staff_id=excluded.staff_id, is_client=excluded.is_client, is_double_station=excluded.is_double_station, status=excluded.status, confirmed=excluded.confirmed, confirmed_at=excluded.confirmed_at, color_key=excluded.color_key, notes=excluded.notes;
insert into public.shifts (id, room_code, shift_date, production, film, program_title, start_time, end_time, end_is_24, work_type, staff_id, is_client, is_double_station, status, confirmed, confirmed_at, color_key, notes) values ('2fcd84b5-8062-5bb9-9f81-cba6274871a4', 'sala-13', '2026-07-14', 'CATTLEYA', '???', '???', '10:00', '18:00', false, 'ASSISTENTE', null, true, false, 'definitivo', false, null, 'violet', 'Origine Excel: EDIT - ASSISTENTE') on conflict (id) do update set room_code=excluded.room_code, shift_date=excluded.shift_date, production=excluded.production, film=excluded.film, program_title=excluded.program_title, start_time=excluded.start_time, end_time=excluded.end_time, end_is_24=excluded.end_is_24, work_type=excluded.work_type, staff_id=excluded.staff_id, is_client=excluded.is_client, is_double_station=excluded.is_double_station, status=excluded.status, confirmed=excluded.confirmed, confirmed_at=excluded.confirmed_at, color_key=excluded.color_key, notes=excluded.notes;
insert into public.shifts (id, room_code, shift_date, production, film, program_title, start_time, end_time, end_is_24, work_type, staff_id, is_client, is_double_station, status, confirmed, confirmed_at, color_key, notes) values ('27a30f6d-5962-546c-b2b3-963f7159eb46', 'sala-13', '2026-07-15', 'CATTLEYA', '???', '???', '10:00', '18:00', false, 'ASSISTENTE', null, true, false, 'definitivo', false, null, 'violet', 'Origine Excel: EDIT - ASSISTENTE') on conflict (id) do update set room_code=excluded.room_code, shift_date=excluded.shift_date, production=excluded.production, film=excluded.film, program_title=excluded.program_title, start_time=excluded.start_time, end_time=excluded.end_time, end_is_24=excluded.end_is_24, work_type=excluded.work_type, staff_id=excluded.staff_id, is_client=excluded.is_client, is_double_station=excluded.is_double_station, status=excluded.status, confirmed=excluded.confirmed, confirmed_at=excluded.confirmed_at, color_key=excluded.color_key, notes=excluded.notes;
insert into public.shifts (id, room_code, shift_date, production, film, program_title, start_time, end_time, end_is_24, work_type, staff_id, is_client, is_double_station, status, confirmed, confirmed_at, color_key, notes) values ('e1ecc88d-a1fb-50a4-b3aa-d8b51522f0be', 'sala-13', '2026-07-16', 'CATTLEYA', '???', '???', '10:00', '18:00', false, 'ASSISTENTE', null, true, false, 'definitivo', false, null, 'violet', 'Origine Excel: EDIT - ASSISTENTE') on conflict (id) do update set room_code=excluded.room_code, shift_date=excluded.shift_date, production=excluded.production, film=excluded.film, program_title=excluded.program_title, start_time=excluded.start_time, end_time=excluded.end_time, end_is_24=excluded.end_is_24, work_type=excluded.work_type, staff_id=excluded.staff_id, is_client=excluded.is_client, is_double_station=excluded.is_double_station, status=excluded.status, confirmed=excluded.confirmed, confirmed_at=excluded.confirmed_at, color_key=excluded.color_key, notes=excluded.notes;
insert into public.shifts (id, room_code, shift_date, production, film, program_title, start_time, end_time, end_is_24, work_type, staff_id, is_client, is_double_station, status, confirmed, confirmed_at, color_key, notes) values ('002e17c3-61a5-58f8-bec9-d1f93ac2328d', 'sala-13', '2026-07-17', 'CATTLEYA', '???', '???', '10:00', '18:00', false, 'ASSISTENTE', null, true, false, 'definitivo', false, null, 'violet', 'Origine Excel: EDIT - ASSISTENTE') on conflict (id) do update set room_code=excluded.room_code, shift_date=excluded.shift_date, production=excluded.production, film=excluded.film, program_title=excluded.program_title, start_time=excluded.start_time, end_time=excluded.end_time, end_is_24=excluded.end_is_24, work_type=excluded.work_type, staff_id=excluded.staff_id, is_client=excluded.is_client, is_double_station=excluded.is_double_station, status=excluded.status, confirmed=excluded.confirmed, confirmed_at=excluded.confirmed_at, color_key=excluded.color_key, notes=excluded.notes;
insert into public.shifts (id, room_code, shift_date, production, film, program_title, start_time, end_time, end_is_24, work_type, staff_id, is_client, is_double_station, status, confirmed, confirmed_at, color_key, notes) values ('69848ed6-0572-5138-b4d5-e90cbc2f18aa', 'sala-13', '2026-07-20', 'CATTLEYA', '???', '???', '10:00', '18:00', false, 'ASSISTENTE', null, true, false, 'definitivo', false, null, 'violet', 'Origine Excel: EDIT - ASSISTENTE') on conflict (id) do update set room_code=excluded.room_code, shift_date=excluded.shift_date, production=excluded.production, film=excluded.film, program_title=excluded.program_title, start_time=excluded.start_time, end_time=excluded.end_time, end_is_24=excluded.end_is_24, work_type=excluded.work_type, staff_id=excluded.staff_id, is_client=excluded.is_client, is_double_station=excluded.is_double_station, status=excluded.status, confirmed=excluded.confirmed, confirmed_at=excluded.confirmed_at, color_key=excluded.color_key, notes=excluded.notes;
insert into public.shifts (id, room_code, shift_date, production, film, program_title, start_time, end_time, end_is_24, work_type, staff_id, is_client, is_double_station, status, confirmed, confirmed_at, color_key, notes) values ('73cba3d3-18d6-53eb-9993-d9a7152f9c85', 'sala-13', '2026-07-21', 'CATTLEYA', '???', '???', '10:00', '18:00', false, 'ASSISTENTE', null, true, false, 'definitivo', false, null, 'violet', 'Origine Excel: EDIT - ASSISTENTE') on conflict (id) do update set room_code=excluded.room_code, shift_date=excluded.shift_date, production=excluded.production, film=excluded.film, program_title=excluded.program_title, start_time=excluded.start_time, end_time=excluded.end_time, end_is_24=excluded.end_is_24, work_type=excluded.work_type, staff_id=excluded.staff_id, is_client=excluded.is_client, is_double_station=excluded.is_double_station, status=excluded.status, confirmed=excluded.confirmed, confirmed_at=excluded.confirmed_at, color_key=excluded.color_key, notes=excluded.notes;
insert into public.shifts (id, room_code, shift_date, production, film, program_title, start_time, end_time, end_is_24, work_type, staff_id, is_client, is_double_station, status, confirmed, confirmed_at, color_key, notes) values ('4bec21aa-5469-5086-a663-fe752df598c5', 'sala-13', '2026-07-22', 'CATTLEYA', '???', '???', '10:00', '18:00', false, 'ASSISTENTE', null, true, false, 'definitivo', false, null, 'violet', 'Origine Excel: EDIT - ASSISTENTE') on conflict (id) do update set room_code=excluded.room_code, shift_date=excluded.shift_date, production=excluded.production, film=excluded.film, program_title=excluded.program_title, start_time=excluded.start_time, end_time=excluded.end_time, end_is_24=excluded.end_is_24, work_type=excluded.work_type, staff_id=excluded.staff_id, is_client=excluded.is_client, is_double_station=excluded.is_double_station, status=excluded.status, confirmed=excluded.confirmed, confirmed_at=excluded.confirmed_at, color_key=excluded.color_key, notes=excluded.notes;
insert into public.shifts (id, room_code, shift_date, production, film, program_title, start_time, end_time, end_is_24, work_type, staff_id, is_client, is_double_station, status, confirmed, confirmed_at, color_key, notes) values ('4500c9f3-6567-5d8b-b6e0-50bf8b00281e', 'sala-13', '2026-07-23', 'CATTLEYA', '???', '???', '10:00', '18:00', false, 'ASSISTENTE', null, true, false, 'definitivo', false, null, 'violet', 'Origine Excel: EDIT - ASSISTENTE') on conflict (id) do update set room_code=excluded.room_code, shift_date=excluded.shift_date, production=excluded.production, film=excluded.film, program_title=excluded.program_title, start_time=excluded.start_time, end_time=excluded.end_time, end_is_24=excluded.end_is_24, work_type=excluded.work_type, staff_id=excluded.staff_id, is_client=excluded.is_client, is_double_station=excluded.is_double_station, status=excluded.status, confirmed=excluded.confirmed, confirmed_at=excluded.confirmed_at, color_key=excluded.color_key, notes=excluded.notes;
insert into public.shifts (id, room_code, shift_date, production, film, program_title, start_time, end_time, end_is_24, work_type, staff_id, is_client, is_double_station, status, confirmed, confirmed_at, color_key, notes) values ('c067512d-f7b7-527d-9f76-f0946dbedaf9', 'sala-13', '2026-07-24', 'CATTLEYA', '???', '???', '10:00', '18:00', false, 'ASSISTENTE', null, true, false, 'definitivo', false, null, 'violet', 'Origine Excel: EDIT - ASSISTENTE') on conflict (id) do update set room_code=excluded.room_code, shift_date=excluded.shift_date, production=excluded.production, film=excluded.film, program_title=excluded.program_title, start_time=excluded.start_time, end_time=excluded.end_time, end_is_24=excluded.end_is_24, work_type=excluded.work_type, staff_id=excluded.staff_id, is_client=excluded.is_client, is_double_station=excluded.is_double_station, status=excluded.status, confirmed=excluded.confirmed, confirmed_at=excluded.confirmed_at, color_key=excluded.color_key, notes=excluded.notes;
insert into public.shifts (id, room_code, shift_date, production, film, program_title, start_time, end_time, end_is_24, work_type, staff_id, is_client, is_double_station, status, confirmed, confirmed_at, color_key, notes) values ('c44248ed-2bb1-58bd-9078-871410e7499c', 'sala-13', '2026-07-27', 'CATTLEYA', '???', '???', '10:00', '18:00', false, 'ASSISTENTE', null, true, false, 'definitivo', false, null, 'violet', 'Origine Excel: EDIT - ASSISTENTE') on conflict (id) do update set room_code=excluded.room_code, shift_date=excluded.shift_date, production=excluded.production, film=excluded.film, program_title=excluded.program_title, start_time=excluded.start_time, end_time=excluded.end_time, end_is_24=excluded.end_is_24, work_type=excluded.work_type, staff_id=excluded.staff_id, is_client=excluded.is_client, is_double_station=excluded.is_double_station, status=excluded.status, confirmed=excluded.confirmed, confirmed_at=excluded.confirmed_at, color_key=excluded.color_key, notes=excluded.notes;
insert into public.shifts (id, room_code, shift_date, production, film, program_title, start_time, end_time, end_is_24, work_type, staff_id, is_client, is_double_station, status, confirmed, confirmed_at, color_key, notes) values ('075451c2-52d5-5b45-960c-0ae8c9658e73', 'sala-13', '2026-07-28', 'CATTLEYA', '???', '???', '10:00', '18:00', false, 'ASSISTENTE', null, true, false, 'definitivo', false, null, 'violet', 'Origine Excel: EDIT - ASSISTENTE') on conflict (id) do update set room_code=excluded.room_code, shift_date=excluded.shift_date, production=excluded.production, film=excluded.film, program_title=excluded.program_title, start_time=excluded.start_time, end_time=excluded.end_time, end_is_24=excluded.end_is_24, work_type=excluded.work_type, staff_id=excluded.staff_id, is_client=excluded.is_client, is_double_station=excluded.is_double_station, status=excluded.status, confirmed=excluded.confirmed, confirmed_at=excluded.confirmed_at, color_key=excluded.color_key, notes=excluded.notes;
insert into public.shifts (id, room_code, shift_date, production, film, program_title, start_time, end_time, end_is_24, work_type, staff_id, is_client, is_double_station, status, confirmed, confirmed_at, color_key, notes) values ('e0e9d51c-1420-50aa-a98b-2d3032336985', 'sala-13', '2026-07-29', 'CATTLEYA', '???', '???', '10:00', '18:00', false, 'ASSISTENTE', null, true, false, 'definitivo', false, null, 'violet', 'Origine Excel: EDIT - ASSISTENTE') on conflict (id) do update set room_code=excluded.room_code, shift_date=excluded.shift_date, production=excluded.production, film=excluded.film, program_title=excluded.program_title, start_time=excluded.start_time, end_time=excluded.end_time, end_is_24=excluded.end_is_24, work_type=excluded.work_type, staff_id=excluded.staff_id, is_client=excluded.is_client, is_double_station=excluded.is_double_station, status=excluded.status, confirmed=excluded.confirmed, confirmed_at=excluded.confirmed_at, color_key=excluded.color_key, notes=excluded.notes;
insert into public.shifts (id, room_code, shift_date, production, film, program_title, start_time, end_time, end_is_24, work_type, staff_id, is_client, is_double_station, status, confirmed, confirmed_at, color_key, notes) values ('c365fa1a-b071-52ae-a777-0135b4157dea', 'sala-13', '2026-07-30', 'CATTLEYA', '???', '???', '10:00', '18:00', false, 'ASSISTENTE', null, true, false, 'definitivo', false, null, 'violet', 'Origine Excel: EDIT - ASSISTENTE') on conflict (id) do update set room_code=excluded.room_code, shift_date=excluded.shift_date, production=excluded.production, film=excluded.film, program_title=excluded.program_title, start_time=excluded.start_time, end_time=excluded.end_time, end_is_24=excluded.end_is_24, work_type=excluded.work_type, staff_id=excluded.staff_id, is_client=excluded.is_client, is_double_station=excluded.is_double_station, status=excluded.status, confirmed=excluded.confirmed, confirmed_at=excluded.confirmed_at, color_key=excluded.color_key, notes=excluded.notes;
insert into public.shifts (id, room_code, shift_date, production, film, program_title, start_time, end_time, end_is_24, work_type, staff_id, is_client, is_double_station, status, confirmed, confirmed_at, color_key, notes) values ('cd3615db-4ca2-589d-84a0-1ea6839416c6', 'sala-13', '2026-07-31', 'CATTLEYA', '???', '???', '10:00', '18:00', false, 'ASSISTENTE', null, true, false, 'definitivo', false, null, 'violet', 'Origine Excel: EDIT - ASSISTENTE') on conflict (id) do update set room_code=excluded.room_code, shift_date=excluded.shift_date, production=excluded.production, film=excluded.film, program_title=excluded.program_title, start_time=excluded.start_time, end_time=excluded.end_time, end_is_24=excluded.end_is_24, work_type=excluded.work_type, staff_id=excluded.staff_id, is_client=excluded.is_client, is_double_station=excluded.is_double_station, status=excluded.status, confirmed=excluded.confirmed, confirmed_at=excluded.confirmed_at, color_key=excluded.color_key, notes=excluded.notes;
insert into public.shifts (id, room_code, shift_date, production, film, program_title, start_time, end_time, end_is_24, work_type, staff_id, is_client, is_double_station, status, confirmed, confirmed_at, color_key, notes) values ('852011ad-ec23-5884-ad5d-94a52155585d', 'sala-14', '2026-06-29', 'CATTLEYA', '???', '???', '10:00', '18:00', false, 'EDIT', null, true, false, 'definitivo', false, null, 'violet', 'Origine Excel: EDIT - VALENTINA; VALENTINA è annotazione, non dipendente') on conflict (id) do update set room_code=excluded.room_code, shift_date=excluded.shift_date, production=excluded.production, film=excluded.film, program_title=excluded.program_title, start_time=excluded.start_time, end_time=excluded.end_time, end_is_24=excluded.end_is_24, work_type=excluded.work_type, staff_id=excluded.staff_id, is_client=excluded.is_client, is_double_station=excluded.is_double_station, status=excluded.status, confirmed=excluded.confirmed, confirmed_at=excluded.confirmed_at, color_key=excluded.color_key, notes=excluded.notes;
insert into public.shifts (id, room_code, shift_date, production, film, program_title, start_time, end_time, end_is_24, work_type, staff_id, is_client, is_double_station, status, confirmed, confirmed_at, color_key, notes) values ('376e7929-6978-5175-b843-2444a115f8af', 'sala-14', '2026-06-30', 'CATTLEYA', '???', '???', '10:00', '18:00', false, 'EDIT', null, true, false, 'definitivo', false, null, 'violet', 'Origine Excel: EDIT - VALENTINA; VALENTINA è annotazione, non dipendente') on conflict (id) do update set room_code=excluded.room_code, shift_date=excluded.shift_date, production=excluded.production, film=excluded.film, program_title=excluded.program_title, start_time=excluded.start_time, end_time=excluded.end_time, end_is_24=excluded.end_is_24, work_type=excluded.work_type, staff_id=excluded.staff_id, is_client=excluded.is_client, is_double_station=excluded.is_double_station, status=excluded.status, confirmed=excluded.confirmed, confirmed_at=excluded.confirmed_at, color_key=excluded.color_key, notes=excluded.notes;
insert into public.shifts (id, room_code, shift_date, production, film, program_title, start_time, end_time, end_is_24, work_type, staff_id, is_client, is_double_station, status, confirmed, confirmed_at, color_key, notes) values ('e02ff60a-d8e5-51db-9c50-edc48f6dcbff', 'sala-14', '2026-07-01', 'CATTLEYA', '???', '???', '10:00', '18:00', false, 'EDIT', null, true, false, 'definitivo', false, null, 'violet', 'Origine Excel: EDIT - VALENTINA; VALENTINA è annotazione, non dipendente') on conflict (id) do update set room_code=excluded.room_code, shift_date=excluded.shift_date, production=excluded.production, film=excluded.film, program_title=excluded.program_title, start_time=excluded.start_time, end_time=excluded.end_time, end_is_24=excluded.end_is_24, work_type=excluded.work_type, staff_id=excluded.staff_id, is_client=excluded.is_client, is_double_station=excluded.is_double_station, status=excluded.status, confirmed=excluded.confirmed, confirmed_at=excluded.confirmed_at, color_key=excluded.color_key, notes=excluded.notes;
insert into public.shifts (id, room_code, shift_date, production, film, program_title, start_time, end_time, end_is_24, work_type, staff_id, is_client, is_double_station, status, confirmed, confirmed_at, color_key, notes) values ('370a62eb-61bd-5d0f-baa7-a0319866d317', 'sala-14', '2026-07-02', 'CATTLEYA', '???', '???', '10:00', '18:00', false, 'EDIT', null, true, false, 'definitivo', false, null, 'violet', 'Origine Excel: EDIT - VALENTINA; VALENTINA è annotazione, non dipendente') on conflict (id) do update set room_code=excluded.room_code, shift_date=excluded.shift_date, production=excluded.production, film=excluded.film, program_title=excluded.program_title, start_time=excluded.start_time, end_time=excluded.end_time, end_is_24=excluded.end_is_24, work_type=excluded.work_type, staff_id=excluded.staff_id, is_client=excluded.is_client, is_double_station=excluded.is_double_station, status=excluded.status, confirmed=excluded.confirmed, confirmed_at=excluded.confirmed_at, color_key=excluded.color_key, notes=excluded.notes;
insert into public.shifts (id, room_code, shift_date, production, film, program_title, start_time, end_time, end_is_24, work_type, staff_id, is_client, is_double_station, status, confirmed, confirmed_at, color_key, notes) values ('eb6d34e9-c893-5960-af53-42683cb1f549', 'sala-14', '2026-07-03', 'CATTLEYA', '???', '???', '10:00', '18:00', false, 'EDIT', null, true, false, 'definitivo', false, null, 'violet', 'Origine Excel: EDIT - VALENTINA; VALENTINA è annotazione, non dipendente') on conflict (id) do update set room_code=excluded.room_code, shift_date=excluded.shift_date, production=excluded.production, film=excluded.film, program_title=excluded.program_title, start_time=excluded.start_time, end_time=excluded.end_time, end_is_24=excluded.end_is_24, work_type=excluded.work_type, staff_id=excluded.staff_id, is_client=excluded.is_client, is_double_station=excluded.is_double_station, status=excluded.status, confirmed=excluded.confirmed, confirmed_at=excluded.confirmed_at, color_key=excluded.color_key, notes=excluded.notes;
insert into public.shifts (id, room_code, shift_date, production, film, program_title, start_time, end_time, end_is_24, work_type, staff_id, is_client, is_double_station, status, confirmed, confirmed_at, color_key, notes) values ('587d4ca1-b280-5fd9-8f00-f7a6a6107e4a', 'sala-14', '2026-07-06', 'CATTLEYA', '???', '???', '10:00', '18:00', false, 'EDIT', null, true, false, 'definitivo', false, null, 'violet', 'Origine Excel: EDIT - VALENTINA; VALENTINA è annotazione, non dipendente') on conflict (id) do update set room_code=excluded.room_code, shift_date=excluded.shift_date, production=excluded.production, film=excluded.film, program_title=excluded.program_title, start_time=excluded.start_time, end_time=excluded.end_time, end_is_24=excluded.end_is_24, work_type=excluded.work_type, staff_id=excluded.staff_id, is_client=excluded.is_client, is_double_station=excluded.is_double_station, status=excluded.status, confirmed=excluded.confirmed, confirmed_at=excluded.confirmed_at, color_key=excluded.color_key, notes=excluded.notes;
insert into public.shifts (id, room_code, shift_date, production, film, program_title, start_time, end_time, end_is_24, work_type, staff_id, is_client, is_double_station, status, confirmed, confirmed_at, color_key, notes) values ('bc014631-1262-5b52-84e9-1f94f900259d', 'sala-14', '2026-07-07', 'CATTLEYA', '???', '???', '10:00', '18:00', false, 'EDIT', null, true, false, 'definitivo', false, null, 'violet', 'Origine Excel: EDIT - VALENTINA; VALENTINA è annotazione, non dipendente') on conflict (id) do update set room_code=excluded.room_code, shift_date=excluded.shift_date, production=excluded.production, film=excluded.film, program_title=excluded.program_title, start_time=excluded.start_time, end_time=excluded.end_time, end_is_24=excluded.end_is_24, work_type=excluded.work_type, staff_id=excluded.staff_id, is_client=excluded.is_client, is_double_station=excluded.is_double_station, status=excluded.status, confirmed=excluded.confirmed, confirmed_at=excluded.confirmed_at, color_key=excluded.color_key, notes=excluded.notes;
insert into public.shifts (id, room_code, shift_date, production, film, program_title, start_time, end_time, end_is_24, work_type, staff_id, is_client, is_double_station, status, confirmed, confirmed_at, color_key, notes) values ('fd636611-d6a2-5e3e-bb33-aad0a3e0191d', 'sala-14', '2026-07-08', 'CATTLEYA', '???', '???', '10:00', '18:00', false, 'EDIT', null, true, false, 'definitivo', false, null, 'violet', 'Origine Excel: EDIT - VALENTINA; VALENTINA è annotazione, non dipendente') on conflict (id) do update set room_code=excluded.room_code, shift_date=excluded.shift_date, production=excluded.production, film=excluded.film, program_title=excluded.program_title, start_time=excluded.start_time, end_time=excluded.end_time, end_is_24=excluded.end_is_24, work_type=excluded.work_type, staff_id=excluded.staff_id, is_client=excluded.is_client, is_double_station=excluded.is_double_station, status=excluded.status, confirmed=excluded.confirmed, confirmed_at=excluded.confirmed_at, color_key=excluded.color_key, notes=excluded.notes;
insert into public.shifts (id, room_code, shift_date, production, film, program_title, start_time, end_time, end_is_24, work_type, staff_id, is_client, is_double_station, status, confirmed, confirmed_at, color_key, notes) values ('51e2bafb-d4ea-5798-bc82-aa8f1ae32400', 'sala-14', '2026-07-09', 'CATTLEYA', '???', '???', '10:00', '18:00', false, 'EDIT', null, true, false, 'definitivo', false, null, 'violet', 'Origine Excel: EDIT - VALENTINA; VALENTINA è annotazione, non dipendente') on conflict (id) do update set room_code=excluded.room_code, shift_date=excluded.shift_date, production=excluded.production, film=excluded.film, program_title=excluded.program_title, start_time=excluded.start_time, end_time=excluded.end_time, end_is_24=excluded.end_is_24, work_type=excluded.work_type, staff_id=excluded.staff_id, is_client=excluded.is_client, is_double_station=excluded.is_double_station, status=excluded.status, confirmed=excluded.confirmed, confirmed_at=excluded.confirmed_at, color_key=excluded.color_key, notes=excluded.notes;
insert into public.shifts (id, room_code, shift_date, production, film, program_title, start_time, end_time, end_is_24, work_type, staff_id, is_client, is_double_station, status, confirmed, confirmed_at, color_key, notes) values ('8fe07a2c-31c0-5f91-9b95-fe3d3b13de05', 'sala-14', '2026-07-10', 'CATTLEYA', '???', '???', '10:00', '18:00', false, 'EDIT', null, true, false, 'definitivo', false, null, 'violet', 'Origine Excel: EDIT - VALENTINA; VALENTINA è annotazione, non dipendente') on conflict (id) do update set room_code=excluded.room_code, shift_date=excluded.shift_date, production=excluded.production, film=excluded.film, program_title=excluded.program_title, start_time=excluded.start_time, end_time=excluded.end_time, end_is_24=excluded.end_is_24, work_type=excluded.work_type, staff_id=excluded.staff_id, is_client=excluded.is_client, is_double_station=excluded.is_double_station, status=excluded.status, confirmed=excluded.confirmed, confirmed_at=excluded.confirmed_at, color_key=excluded.color_key, notes=excluded.notes;
insert into public.shifts (id, room_code, shift_date, production, film, program_title, start_time, end_time, end_is_24, work_type, staff_id, is_client, is_double_station, status, confirmed, confirmed_at, color_key, notes) values ('6ad30d54-1105-5275-a263-13ba8cfe3c2d', 'sala-14', '2026-07-13', 'CATTLEYA', '???', '???', '10:00', '18:00', false, 'EDIT', null, true, false, 'definitivo', false, null, 'violet', 'Origine Excel: EDIT - VALENTINA; VALENTINA è annotazione, non dipendente') on conflict (id) do update set room_code=excluded.room_code, shift_date=excluded.shift_date, production=excluded.production, film=excluded.film, program_title=excluded.program_title, start_time=excluded.start_time, end_time=excluded.end_time, end_is_24=excluded.end_is_24, work_type=excluded.work_type, staff_id=excluded.staff_id, is_client=excluded.is_client, is_double_station=excluded.is_double_station, status=excluded.status, confirmed=excluded.confirmed, confirmed_at=excluded.confirmed_at, color_key=excluded.color_key, notes=excluded.notes;
insert into public.shifts (id, room_code, shift_date, production, film, program_title, start_time, end_time, end_is_24, work_type, staff_id, is_client, is_double_station, status, confirmed, confirmed_at, color_key, notes) values ('6510ffe8-1f6f-5509-a940-6a9ec9acfff2', 'sala-14', '2026-07-14', 'CATTLEYA', '???', '???', '10:00', '18:00', false, 'EDIT', null, true, false, 'definitivo', false, null, 'violet', 'Origine Excel: EDIT - VALENTINA; VALENTINA è annotazione, non dipendente') on conflict (id) do update set room_code=excluded.room_code, shift_date=excluded.shift_date, production=excluded.production, film=excluded.film, program_title=excluded.program_title, start_time=excluded.start_time, end_time=excluded.end_time, end_is_24=excluded.end_is_24, work_type=excluded.work_type, staff_id=excluded.staff_id, is_client=excluded.is_client, is_double_station=excluded.is_double_station, status=excluded.status, confirmed=excluded.confirmed, confirmed_at=excluded.confirmed_at, color_key=excluded.color_key, notes=excluded.notes;
insert into public.shifts (id, room_code, shift_date, production, film, program_title, start_time, end_time, end_is_24, work_type, staff_id, is_client, is_double_station, status, confirmed, confirmed_at, color_key, notes) values ('eb197988-59ea-5b93-ae5c-85dad836adb4', 'sala-14', '2026-07-15', 'CATTLEYA', '???', '???', '10:00', '18:00', false, 'EDIT', null, true, false, 'definitivo', false, null, 'violet', 'Origine Excel: EDIT - VALENTINA; VALENTINA è annotazione, non dipendente') on conflict (id) do update set room_code=excluded.room_code, shift_date=excluded.shift_date, production=excluded.production, film=excluded.film, program_title=excluded.program_title, start_time=excluded.start_time, end_time=excluded.end_time, end_is_24=excluded.end_is_24, work_type=excluded.work_type, staff_id=excluded.staff_id, is_client=excluded.is_client, is_double_station=excluded.is_double_station, status=excluded.status, confirmed=excluded.confirmed, confirmed_at=excluded.confirmed_at, color_key=excluded.color_key, notes=excluded.notes;
insert into public.shifts (id, room_code, shift_date, production, film, program_title, start_time, end_time, end_is_24, work_type, staff_id, is_client, is_double_station, status, confirmed, confirmed_at, color_key, notes) values ('efea4713-eb0d-57e1-aed9-7b89056c618e', 'sala-14', '2026-07-16', 'CATTLEYA', '???', '???', '10:00', '18:00', false, 'EDIT', null, true, false, 'definitivo', false, null, 'violet', 'Origine Excel: EDIT - VALENTINA; VALENTINA è annotazione, non dipendente') on conflict (id) do update set room_code=excluded.room_code, shift_date=excluded.shift_date, production=excluded.production, film=excluded.film, program_title=excluded.program_title, start_time=excluded.start_time, end_time=excluded.end_time, end_is_24=excluded.end_is_24, work_type=excluded.work_type, staff_id=excluded.staff_id, is_client=excluded.is_client, is_double_station=excluded.is_double_station, status=excluded.status, confirmed=excluded.confirmed, confirmed_at=excluded.confirmed_at, color_key=excluded.color_key, notes=excluded.notes;
insert into public.shifts (id, room_code, shift_date, production, film, program_title, start_time, end_time, end_is_24, work_type, staff_id, is_client, is_double_station, status, confirmed, confirmed_at, color_key, notes) values ('77179291-ee5d-518b-906f-7a5170cbddd1', 'sala-14', '2026-07-17', 'CATTLEYA', '???', '???', '10:00', '18:00', false, 'EDIT', null, true, false, 'definitivo', false, null, 'violet', 'Origine Excel: EDIT - VALENTINA; VALENTINA è annotazione, non dipendente') on conflict (id) do update set room_code=excluded.room_code, shift_date=excluded.shift_date, production=excluded.production, film=excluded.film, program_title=excluded.program_title, start_time=excluded.start_time, end_time=excluded.end_time, end_is_24=excluded.end_is_24, work_type=excluded.work_type, staff_id=excluded.staff_id, is_client=excluded.is_client, is_double_station=excluded.is_double_station, status=excluded.status, confirmed=excluded.confirmed, confirmed_at=excluded.confirmed_at, color_key=excluded.color_key, notes=excluded.notes;
insert into public.shifts (id, room_code, shift_date, production, film, program_title, start_time, end_time, end_is_24, work_type, staff_id, is_client, is_double_station, status, confirmed, confirmed_at, color_key, notes) values ('36d04d99-7a03-551a-9109-e2f318709b20', 'sala-14', '2026-07-20', 'CATTLEYA', '???', '???', '10:00', '18:00', false, 'EDIT', null, true, false, 'definitivo', false, null, 'violet', 'Origine Excel: EDIT - VALENTINA; VALENTINA è annotazione, non dipendente') on conflict (id) do update set room_code=excluded.room_code, shift_date=excluded.shift_date, production=excluded.production, film=excluded.film, program_title=excluded.program_title, start_time=excluded.start_time, end_time=excluded.end_time, end_is_24=excluded.end_is_24, work_type=excluded.work_type, staff_id=excluded.staff_id, is_client=excluded.is_client, is_double_station=excluded.is_double_station, status=excluded.status, confirmed=excluded.confirmed, confirmed_at=excluded.confirmed_at, color_key=excluded.color_key, notes=excluded.notes;
insert into public.shifts (id, room_code, shift_date, production, film, program_title, start_time, end_time, end_is_24, work_type, staff_id, is_client, is_double_station, status, confirmed, confirmed_at, color_key, notes) values ('206f12df-2afc-51b4-aca0-7ad11807cd17', 'sala-14', '2026-07-21', 'CATTLEYA', '???', '???', '10:00', '18:00', false, 'EDIT', null, true, false, 'definitivo', false, null, 'violet', 'Origine Excel: EDIT - VALENTINA; VALENTINA è annotazione, non dipendente') on conflict (id) do update set room_code=excluded.room_code, shift_date=excluded.shift_date, production=excluded.production, film=excluded.film, program_title=excluded.program_title, start_time=excluded.start_time, end_time=excluded.end_time, end_is_24=excluded.end_is_24, work_type=excluded.work_type, staff_id=excluded.staff_id, is_client=excluded.is_client, is_double_station=excluded.is_double_station, status=excluded.status, confirmed=excluded.confirmed, confirmed_at=excluded.confirmed_at, color_key=excluded.color_key, notes=excluded.notes;
insert into public.shifts (id, room_code, shift_date, production, film, program_title, start_time, end_time, end_is_24, work_type, staff_id, is_client, is_double_station, status, confirmed, confirmed_at, color_key, notes) values ('1f7d55e9-8ad8-5978-b9ea-086280422f65', 'sala-14', '2026-07-22', 'CATTLEYA', '???', '???', '10:00', '18:00', false, 'EDIT', null, true, false, 'definitivo', false, null, 'violet', 'Origine Excel: EDIT - VALENTINA; VALENTINA è annotazione, non dipendente') on conflict (id) do update set room_code=excluded.room_code, shift_date=excluded.shift_date, production=excluded.production, film=excluded.film, program_title=excluded.program_title, start_time=excluded.start_time, end_time=excluded.end_time, end_is_24=excluded.end_is_24, work_type=excluded.work_type, staff_id=excluded.staff_id, is_client=excluded.is_client, is_double_station=excluded.is_double_station, status=excluded.status, confirmed=excluded.confirmed, confirmed_at=excluded.confirmed_at, color_key=excluded.color_key, notes=excluded.notes;
insert into public.shifts (id, room_code, shift_date, production, film, program_title, start_time, end_time, end_is_24, work_type, staff_id, is_client, is_double_station, status, confirmed, confirmed_at, color_key, notes) values ('7c472881-769e-59b3-8212-c4b45ef397ce', 'sala-14', '2026-07-23', 'CATTLEYA', '???', '???', '10:00', '18:00', false, 'EDIT', null, true, false, 'definitivo', false, null, 'violet', 'Origine Excel: EDIT - VALENTINA; VALENTINA è annotazione, non dipendente') on conflict (id) do update set room_code=excluded.room_code, shift_date=excluded.shift_date, production=excluded.production, film=excluded.film, program_title=excluded.program_title, start_time=excluded.start_time, end_time=excluded.end_time, end_is_24=excluded.end_is_24, work_type=excluded.work_type, staff_id=excluded.staff_id, is_client=excluded.is_client, is_double_station=excluded.is_double_station, status=excluded.status, confirmed=excluded.confirmed, confirmed_at=excluded.confirmed_at, color_key=excluded.color_key, notes=excluded.notes;
insert into public.shifts (id, room_code, shift_date, production, film, program_title, start_time, end_time, end_is_24, work_type, staff_id, is_client, is_double_station, status, confirmed, confirmed_at, color_key, notes) values ('3ad6c113-ac6a-5e33-8d94-54a8a7c3fe4d', 'sala-14', '2026-07-24', 'CATTLEYA', '???', '???', '10:00', '18:00', false, 'EDIT', null, true, false, 'definitivo', false, null, 'violet', 'Origine Excel: EDIT - VALENTINA; VALENTINA è annotazione, non dipendente') on conflict (id) do update set room_code=excluded.room_code, shift_date=excluded.shift_date, production=excluded.production, film=excluded.film, program_title=excluded.program_title, start_time=excluded.start_time, end_time=excluded.end_time, end_is_24=excluded.end_is_24, work_type=excluded.work_type, staff_id=excluded.staff_id, is_client=excluded.is_client, is_double_station=excluded.is_double_station, status=excluded.status, confirmed=excluded.confirmed, confirmed_at=excluded.confirmed_at, color_key=excluded.color_key, notes=excluded.notes;
insert into public.shifts (id, room_code, shift_date, production, film, program_title, start_time, end_time, end_is_24, work_type, staff_id, is_client, is_double_station, status, confirmed, confirmed_at, color_key, notes) values ('60dacd5c-6593-55d3-aa21-43c7ba02765c', 'sala-14', '2026-07-27', 'CATTLEYA', '???', '???', '10:00', '18:00', false, 'EDIT', null, true, false, 'definitivo', false, null, 'violet', 'Origine Excel: EDIT - VALENTINA; VALENTINA è annotazione, non dipendente') on conflict (id) do update set room_code=excluded.room_code, shift_date=excluded.shift_date, production=excluded.production, film=excluded.film, program_title=excluded.program_title, start_time=excluded.start_time, end_time=excluded.end_time, end_is_24=excluded.end_is_24, work_type=excluded.work_type, staff_id=excluded.staff_id, is_client=excluded.is_client, is_double_station=excluded.is_double_station, status=excluded.status, confirmed=excluded.confirmed, confirmed_at=excluded.confirmed_at, color_key=excluded.color_key, notes=excluded.notes;
insert into public.shifts (id, room_code, shift_date, production, film, program_title, start_time, end_time, end_is_24, work_type, staff_id, is_client, is_double_station, status, confirmed, confirmed_at, color_key, notes) values ('859b47e6-a94f-5a8a-b9e1-99d812076b15', 'sala-14', '2026-07-28', 'CATTLEYA', '???', '???', '10:00', '18:00', false, 'EDIT', null, true, false, 'definitivo', false, null, 'violet', 'Origine Excel: EDIT - VALENTINA; VALENTINA è annotazione, non dipendente') on conflict (id) do update set room_code=excluded.room_code, shift_date=excluded.shift_date, production=excluded.production, film=excluded.film, program_title=excluded.program_title, start_time=excluded.start_time, end_time=excluded.end_time, end_is_24=excluded.end_is_24, work_type=excluded.work_type, staff_id=excluded.staff_id, is_client=excluded.is_client, is_double_station=excluded.is_double_station, status=excluded.status, confirmed=excluded.confirmed, confirmed_at=excluded.confirmed_at, color_key=excluded.color_key, notes=excluded.notes;
insert into public.shifts (id, room_code, shift_date, production, film, program_title, start_time, end_time, end_is_24, work_type, staff_id, is_client, is_double_station, status, confirmed, confirmed_at, color_key, notes) values ('d45f4be6-a543-581f-b28d-18c774c223cc', 'sala-14', '2026-07-29', 'CATTLEYA', '???', '???', '10:00', '18:00', false, 'EDIT', null, true, false, 'definitivo', false, null, 'violet', 'Origine Excel: EDIT - VALENTINA; VALENTINA è annotazione, non dipendente') on conflict (id) do update set room_code=excluded.room_code, shift_date=excluded.shift_date, production=excluded.production, film=excluded.film, program_title=excluded.program_title, start_time=excluded.start_time, end_time=excluded.end_time, end_is_24=excluded.end_is_24, work_type=excluded.work_type, staff_id=excluded.staff_id, is_client=excluded.is_client, is_double_station=excluded.is_double_station, status=excluded.status, confirmed=excluded.confirmed, confirmed_at=excluded.confirmed_at, color_key=excluded.color_key, notes=excluded.notes;
insert into public.shifts (id, room_code, shift_date, production, film, program_title, start_time, end_time, end_is_24, work_type, staff_id, is_client, is_double_station, status, confirmed, confirmed_at, color_key, notes) values ('ae4222dc-1ece-5780-bb8b-8fb63eb05db6', 'sala-14', '2026-07-30', 'CATTLEYA', '???', '???', '10:00', '18:00', false, 'EDIT', null, true, false, 'definitivo', false, null, 'violet', 'Origine Excel: EDIT - VALENTINA; VALENTINA è annotazione, non dipendente') on conflict (id) do update set room_code=excluded.room_code, shift_date=excluded.shift_date, production=excluded.production, film=excluded.film, program_title=excluded.program_title, start_time=excluded.start_time, end_time=excluded.end_time, end_is_24=excluded.end_is_24, work_type=excluded.work_type, staff_id=excluded.staff_id, is_client=excluded.is_client, is_double_station=excluded.is_double_station, status=excluded.status, confirmed=excluded.confirmed, confirmed_at=excluded.confirmed_at, color_key=excluded.color_key, notes=excluded.notes;
insert into public.shifts (id, room_code, shift_date, production, film, program_title, start_time, end_time, end_is_24, work_type, staff_id, is_client, is_double_station, status, confirmed, confirmed_at, color_key, notes) values ('fd34c06f-eea4-56b6-9598-f37c640dbec8', 'sala-14', '2026-07-31', 'CATTLEYA', '???', '???', '10:00', '18:00', false, 'EDIT', null, true, false, 'definitivo', false, null, 'violet', 'Origine Excel: EDIT - VALENTINA; VALENTINA è annotazione, non dipendente') on conflict (id) do update set room_code=excluded.room_code, shift_date=excluded.shift_date, production=excluded.production, film=excluded.film, program_title=excluded.program_title, start_time=excluded.start_time, end_time=excluded.end_time, end_is_24=excluded.end_is_24, work_type=excluded.work_type, staff_id=excluded.staff_id, is_client=excluded.is_client, is_double_station=excluded.is_double_station, status=excluded.status, confirmed=excluded.confirmed, confirmed_at=excluded.confirmed_at, color_key=excluded.color_key, notes=excluded.notes;


-- Popola anche i suggerimenti usati dal popup Nuovo turno.
insert into public.production_suggestions (name) values ('7 VERTICALE') on conflict do nothing;
insert into public.production_suggestions (name) values ('CATTLEYA') on conflict do nothing;
insert into public.production_suggestions (name) values ('EOLO FILM PROD.') on conflict do nothing;
insert into public.production_suggestions (name) values ('RAI') on conflict do nothing;
insert into public.production_suggestions (name) values ('STEMAL ENT.') on conflict do nothing;
insert into public.program_suggestions (name) values ('CINEMA E LUCE') on conflict do nothing;
insert into public.program_suggestions (name) values ('LINEA VERDE') on conflict do nothing;
insert into public.program_suggestions (name) values ('MISSA PRO PACE') on conflict do nothing;
insert into public.program_suggestions (name) values ('MONDO MERAVIGLIOSO') on conflict do nothing;
insert into public.program_suggestions (name) values ('SCARPE ROTTE') on conflict do nothing;

commit;

-- Turni inseriti/aggiornati: 130